compositionDate,securityDate,inputCurrency,stoxxid,securityName,isin,sedol,currency,icb5_l1,icb5_l2,icb5_l3,icb5_l4,country,BBGTicker,shareClass,RIC,RICExtension,parentStoxxId,countryOfIncorporation,ISO2CountryDom,exchangeName,isoCountryCode,countryCode,mappedRegions,isoMicCode,closePrice,adjustedOpenPrice,adjustedOpenGross,adjustedOpenNet,adjustmentFactor,fxLocUsed,isStockConnectSecurity,Foreign Ownership Limit,Foreign Holding,Foreign Headroom,FreeFloat,shares,ffmcap,size,index_weight_close,index_weight_open,ADTV_3m_USD,ADTV_3m_EUR,ADTV_6m_USD,ADTV_6m_EUR,ADTV_9m_USD,ADTV_9m_EUR,ADTV_12m_USD,ADTV_12m_EUR,orgPermId,comName,typeCode,description,ultimateParentOrgPermID,ultimateParentName,ultimateParentTypeCode,ultimateParentTypeDescription,axiomaId,composition_date,Unnamed: 0,reportDate,dj_id,icb_sectorl1,icb_sectorl3,vol,is_selected,inverse,inverse_vol,exclusion,exclusion_reason,Step 1 icb_sectorl1 exclusion,Step 2 vol exclusion,Step 2 top 100 by vol asc final rank,divide_inverse_vol,weight,capped_weight,cap_limit,cap_factor,weight_factor,Step 1 icb5_l1 exclusion,Step 2 icb5_l3 exclusion,Step 3 vol exclusion,Step 3 top 100 by vol asc final rank
20241223,20241223,EUR,453456,KPN,NL0000009082,5956078,EUR,15,1510,151020,15102015,NL,,,KPN.AS1,AS1,,NL,NL,,,NL,"{'14':'Europe','15':'Eurozone','16':'Global (all)','17':'Global (developed)','2':'All Europe','23':'Eurozone Official','24':'Developed Market(Stoxx World)','35':'All Europe (Stoxx World)','36':'Western Europe (Stoxx World)','43':'European Union (Stoxx World)','44':'Eurozone (Stoxx World)','47':'Developed Market + K (Stoxx World)','9':'Developed Markets'}",,3.509,3.509,3.509,3.509,,1,FALSE,1,0,1,1,3888930422,13646256851,,0.002545,0.0025816,31726078.92,29122209.28,34649180.59,31875273.05,35351078.49,32587815.95,39352298.94,36272378.38,4295884844,Koninklijke KPN NV,COM,Business Organization,4295884844,Koninklijke KPN NV,COM,Business Organization,N3AR1FG81,12/23/2024,681,12/5/2024,453456,15,151020,0.121565504,Y,1,8.226017818,FALSE,,,,,8.226017818,0.016159327,0.016159327,0.1,1,4605108.733,FALSE,FALSE,FALSE,1
20241223,20241223,EUR,407023,DANONE,FR0000120644,B1Y9TB3,EUR,45,4510,451020,45102020,FR,,,DANO.PA1,PA1,,FR,FR,,,FR,"{'14':'Europe','15':'Eurozone','16':'Global (all)','17':'Global (developed)','2':'All Europe','23':'Eurozone Official','24':'Developed Market(Stoxx World)','35':'All Europe (Stoxx World)','36':'Western Europe (Stoxx World)','43':'European Union (Stoxx World)','44':'Eurozone (Stoxx World)','47':'Developed Market + K (Stoxx World)','9':'Developed Markets'}",,64.08,64.08,64.08,64.08,,1,FALSE,1,0,1,0.9479,679553991,41277082535,,0.0077503,0.0076932,83302804.18,76617607.77,79587544.96,73264475.45,75179461.83,69326623.63,73445936.16,67705439.58,4295867387,Danone SA,COM,Business Organization,4295867387,Danone SA,COM,Business Organization,S6BV2GX61,12/23/2024,712,12/5/2024,407023,45,451020,0.126592262,Y,1,7.899377005,FALSE,,,,,7.899377005,0.015517668,0.015517668,0.1,1,242160.8596,FALSE,FALSE,FALSE,2
20241223,20241223,EUR,511938,DEUTSCHE TELEKOM,DE0005557508,5842359,EUR,15,1510,151020,15102015,DE,,,DTEGn.DE,DE,,DE,DE,XETRA,DE,DE,"{'14':'Europe','15':'Eurozone','16':'Global (all)','17':'Global (developed)','2':'All Europe','23':'Eurozone Official','24':'Developed Market(Stoxx World)','35':'All Europe (Stoxx World)','36':'Western Europe (Stoxx World)','43':'European Union (Stoxx World)','44':'Eurozone (Stoxx World)','47':'Developed Market + K (Stoxx World)','9':'Developed Markets'}",XETR,28.92,28.92,28.92,28.92,,1,FALSE,1,0,1,0.7182,4986458596,1.04E+11,,0.0193438,0.0193033,178377501.5,163966607,176013108.1,161933557.6,177132541.6,163290607.8,170989167.7,157563446.4,4295870332,Deutsche Telekom AG,COM,Business Organization,4295870332,Deutsche Telekom AG,COM,Business Organization,ALNUUGTM5,12/23/2024,747,12/5/2024,511938,15,151020,0.139196756,Y,1,7.184075457,FALSE,,,,,7.184075457,0.014112518,0.014112518,0.1,1,487984.7026,FALSE,FALSE,FALSE,3
20241223,20241223,EUR,401093,AHOLD DELHAIZE,NL0011794037,BD0Q398,EUR,45,4520,452010,45201010,NL,,,AD.AS1,AS1,,NL,NL,,,NL,"{'14':'Europe','15':'Eurozone','16':'Global (all)','17':'Global (developed)','2':'All Europe','23':'Eurozone Official','24':'Developed Market(Stoxx World)','35':'All Europe (Stoxx World)','36':'Western Europe (Stoxx World)','43':'European Union (Stoxx World)','44':'Eurozone (Stoxx World)','47':'Developed Market + K (Stoxx World)','9':'Developed Markets'}",,31.29,31.29,31.29,31.29,,1,FALSE,1,0,1,1,929345662,29079225764,,0.0054237,0.0054634,65163920.54,59928138.41,64297264.06,59134191.8,63341626.01,58390743.89,62012065.11,57154292.27,4295884672,Koninklijke Ahold Delhaize NV,COM,Business Organization,4295884672,Koninklijke Ahold Delhaize NV,COM,Business Organization,CDCSZTGL1,12/23/2024,797,12/5/2024,401093,45,452010,0.153347327,Y,1,6.521144009,FALSE,,,,,6.521144009,0.012810244,0.012810244,0.1,1,409403.7715,FALSE,FALSE,FALSE,4
20241223,20241223,EUR,442464,IBERDROLA,ES0144580Y14,B288C92,EUR,65,6510,651010,65101015,ES,,,IBE.MC,MC,,ES,ES,Madrid Stock Exchange,ES,ES,"{'14':'Europe','15':'Eurozone','16':'Global (all)','17':'Global (developed)','2':'All Europe','23':'Eurozone Official','24':'Developed Market(Stoxx World)','35':'All Europe (Stoxx World)','36':'Western Europe (Stoxx World)','43':'European Union (Stoxx World)','44':'Eurozone (Stoxx World)','47':'Developed Market + K (Stoxx World)','9':'Developed Markets'}",XMAD,13.05,13.05,13.05,13.05,,1,FALSE,1,0,1,0.9129,6364251000,75819517830,,0.0142377,0.0141311,122872300.4,112975100.5,121302306.4,111639834.2,118578990.4,109342696.9,116225842.4,107131166.6,4295889602,Iberdrola SA,COM,Business Organization,4295889602,Iberdrola SA,COM,Business Organization,6KV226XP6,12/23/2024,699,12/5/2024,442464,65,651010,0.153546042,Y,1,6.512704516,FALSE,,,,,6.512704516,0.012793665,0.012793665,0.1,1,980357.4965,FALSE,FALSE,FALSE,5
20241223,20241223,EUR,517617,ORANGE,FR0000133308,5176177,EUR,15,1510,151020,15102015,FR,,,ORAN.PA1,PA1,,FR,FR,,,FR,"{'14':'Europe','15':'Eurozone','16':'Global (all)','17':'Global (developed)','2':'All Europe','23':'Eurozone Official','24':'Developed Market(Stoxx World)','35':'All Europe (Stoxx World)','36':'Western Europe (Stoxx World)','43':'European Union (Stoxx World)','44':'Eurozone (Stoxx World)','47':'Developed Market + K (Stoxx World)','9':'Developed Markets'}",,9.444,9.444,9.444,9.444,,1,FALSE,1,0,1,0.7471,2660056599,18768328325,,0.0035282,0.0036076,72275239.18,66386610.62,71555292.56,65838205.48,69474835.74,64051736.46,66255229.97,61068603.46,4295868416,Orange SA,COM,Business Organization,4295868416,Orange SA,COM,Business Organization,B31231481,12/23/2024,725,12/5/2024,517617,15,151020,0.155840067,Y,1,6.416835027,FALSE,,,,,6.416835027,0.012605338,0.012605338,0.1,1,1334745.628,FALSE,FALSE,FALSE,6
20241223,20241223,EUR,408930,BEIERSDORF,DE0005200000,5107401,EUR,45,4520,452010,45201020,DE,,,BEIG.DE,DE,,DE,DE,XETRA,DE,DE,"{'14':'Europe','15':'Eurozone','16':'Global (all)','17':'Global (developed)','2':'All Europe','23':'Eurozone Official','24':'Developed Market(Stoxx World)','35':'All Europe (Stoxx World)','36':'Western Europe (Stoxx World)','43':'European Union (Stoxx World)','44':'Eurozone (Stoxx World)','47':'Developed Market + K (Stoxx World)','9':'Developed Markets'}",XETR,122.85,122.85,122.85,122.85,,1,FALSE,1,0,1,0.38,248000000,11577384000,,0.002177,0.0021578,31547778.66,28955629.57,37976056.65,34941434.25,37830153.98,34882860.36,36389711.84,33550556.11,4295869070,Beiersdorf AG,COM,Business Organization,4295868967,maxingvest GmbH & Co KgaA,COM,Business Organization,VU7LM14A5,12/23/2024,771,12/5/2024,408930,45,452010,0.157979919,Y,1,6.329918405,FALSE,,,,,6.329918405,0.012434597,0.012434597,0.1,1,101217.7228,FALSE,FALSE,FALSE,7
20241223,20241223,EUR,442031,HENKEL PREF,DE0006048432,5076705,EUR,40,4020,402020,40202025,DE,,,HNKG_p.DE,DE,,DE,DE,XETRA,DE,DE,"{'14':'Europe','15':'Eurozone','16':'Global (all)','17':'Global (developed)','2':'All Europe','23':'Eurozone Official','24':'Developed Market(Stoxx World)','35':'All Europe (Stoxx World)','36':'Western Europe (Stoxx World)','43':'European Union (Stoxx World)','44':'Eurozone (Stoxx World)','47':'Developed Market + K (Stoxx World)','9':'Developed Markets'}",XETR,84.1,84.1,84.1,84.1,,1,FALSE,1,0,1,0.9141,178162875,13696415328,,0.0025563,0.0025527,29924174.13,27472814.61,33162332.81,30509488.74,34788017.89,32069675.34,32625267.85,30068053.3,4295869260,Henkel AG & Co KGaA,COM,Business Organization,4295869260,Henkel AG & Co KGaA,COM,Business Organization,DPKR6KT41,12/23/2024,704,12/5/2024,442031,40,402020,0.159768851,Y,1,6.259042317,FALSE,,,,,6.259042317,0.012295367,0.012295367,0.1,1,146199.3707,FALSE,FALSE,FALSE,8
20241223,20241223,EUR,B0C2CQ,ENGIE,FR0010208488,B0C2CQ3,EUR,65,6510,651020,65102000,FR,,,ENGIE.PA1,PA1,,FR,FR,,,FR,"{'14':'Europe','15':'Eurozone','16':'Global (all)','17':'Global (developed)','2':'All Europe','23':'Eurozone Official','24':'Developed Market(Stoxx World)','35':'All Europe (Stoxx World)','36':'Western Europe (Stoxx World)','43':'European Union (Stoxx World)','44':'Eurozone (Stoxx World)','47':'Developed Market + K (Stoxx World)','9':'Developed Markets'}",,14.91,14.91,14.91,14.91,,1,FALSE,1,0,1,0.7636,2435285011,27726391989,,0.0052208,0.0051676,88463269.2,81265865.45,95778741.78,88161205.98,93030254.03,85791515.8,90261228.26,83231452.13,4295866806,Engie SA,COM,Business Organization,4295866806,Engie SA,COM,Business Organization,57UCVPC33,12/23/2024,718,12/5/2024,B0C2CQ,65,651020,0.160853818,Y,1,6.21682476,FALSE,,,,,6.21682476,0.012212434,0.012212434,0.1,1,819076.7408,FALSE,FALSE,FALSE,9
20241223,20241223,EUR,755087,ACKERMANS & VAN HAAREN,BE0003764785,5715774,EUR,50,5010,501010,50101015,BE,,,ACKB.BR1,BR1,,BE,BE,,,BE,"{'14':'Europe','15':'Eurozone','16':'Global (all)','17':'Global (developed)','2':'All Europe','23':'Eurozone Official','24':'Developed Market(Stoxx World)','35':'All Europe (Stoxx World)','36':'Western Europe (Stoxx World)','43':'European Union (Stoxx World)','44':'Eurozone (Stoxx World)','47':'Developed Market + K (Stoxx World)','9':'Developed Markets'}",,186.8,186.8,186.8,186.8,,1,FALSE,1,0,1,0.6666,33157750,4128832209,,0.0007748,0.0007695,6166480.161,5657238.119,5641672.549,5186623.365,5203449.739,4792007.215,4923612.936,4533494.827,4295859200,Ackermans & Van Haaren NV,COM,Business Organization,4295859200,Ackermans & Van Haaren NV,COM,Business Organization,QXGVMM2M3,12/23/2024,802,12/5/2024,755087,50,501010,0.161491055,Y,1,6.192293428,FALSE,,,,,6.192293428,0.012164244,0.012164244,0.1,1,65119.08162,FALSE,FALSE,FALSE,10
20241223,20241223,EUR,497711,WOLTERS KLUWER,NL0000395903,5671519,EUR,40,4030,403010,40301030,NL,,,WLSNc.AS1,AS1,,NL,NL,,,NL,"{'14':'Europe','15':'Eurozone','16':'Global (all)','17':'Global (developed)','2':'All Europe','23':'Eurozone Official','24':'Developed Market(Stoxx World)','35':'All Europe (Stoxx World)','36':'Western Europe (Stoxx World)','43':'European Union (Stoxx World)','44':'Eurozone (Stoxx World)','47':'Developed Market + K (Stoxx World)','9':'Developed Markets'}",,161.1,161.1,161.1,161.1,,1,FALSE,1,0,1,1,238516153,38424952248,,0.0071275,0.0074618,76067215.01,69990187.51,70464515.52,64878824.25,69517544.2,64106001.82,72528631.34,66839627.08,4295884738,Wolters Kluwer NV,COM,Business Organization,4295884738,Wolters Kluwer NV,COM,Business Organization,6461L8W86,12/23/2024,600,12/5/2024,497711,40,403010,0.161569765,Y,1,6.189276819,FALSE,,,,,6.189276819,0.012158319,0.012158319,0.1,1,75470.63047,FALSE,FALSE,FALSE,11
20241223,20241223,EUR,EF024,Getlink,FR0010533075,B292JQ9,EUR,50,5020,502060,50206020,FR,,,GETP.PA1,PA1,,FR,FR,,,FR,"{'14':'Europe','15':'Eurozone','16':'Global (all)','17':'Global (developed)','2':'All Europe','23':'Eurozone Official','24':'Developed Market(Stoxx World)','35':'All Europe (Stoxx World)','36':'Western Europe (Stoxx World)','43':'European Union (Stoxx World)','44':'Eurozone (Stoxx World)','47':'Developed Market + K (Stoxx World)','9':'Developed Markets'}",,15.33,15.33,15.33,15.33,,1,FALSE,1,0,1,0.5667,550000000,4778131050,,0.0008958,0.0008905,11537498,10596420.81,12577483.41,11571238.25,12192016.49,11236169.71,12392064.7,11416314.11,4295868297,Getlink SE,COM,Business Organization,4295868297,Getlink SE,COM,Business Organization,HXFRR6QS4,12/23/2024,711,12/5/2024,EF024,50,502060,0.163816687,Y,1,6.104384221,FALSE,,,,,6.104384221,0.011991554,0.011991554,0.1,1,782227.9279,FALSE,FALSE,FALSE,12
20241223,20241223,EUR,B01BN5,TERNA,IT0003242622,B01BN57,EUR,65,6510,651010,65101015,IT,,,TRN.MI,MI,,IT,IT,Euronext Milan Electronic Share Market (prev. Borsa Italia MTA (Equities),IT,IT,"{'14':'Europe','15':'Eurozone','16':'Global (all)','17':'Global (developed)','2':'All Europe','23':'Eurozone Official','24':'Developed Market(Stoxx World)','35':'All Europe (Stoxx World)','36':'Western Europe (Stoxx World)','43':'European Union (Stoxx World)','44':'Eurozone (Stoxx World)','47':'Developed Market + K (Stoxx World)','9':'Developed Markets'}",MTAA,7.61,7.61,7.61,7.61,,1,FALSE,1,0,1,0.7015,2009992000,10730171443,,0.0020114,0.0019999,29169227.89,26835129.45,31891590.55,29376590.62,33196583.32,30625996.97,32134093.71,29632317.65,4295875459,Terna Rete Elettrica Nazionale SpA,COM,Business Organization,4295875459,Terna Rete Elettrica Nazionale SpA,COM,Business Organization,5KLNCD130,12/23/2024,623,12/5/2024,B01BN5,65,651010,0.16624654,Y,1,6.015162764,FALSE,,,,,6.015162764,0.011816286,0.011816286,0.1,1,1552731.408,FALSE,FALSE,FALSE,13
20241223,20241223,EUR,IT506M,INWIT,IT0005090300,BZ0P4R4,EUR,15,1510,151020,15102015,IT,,,INWT.MI,MI,,IT,IT,Euronext Milan Electronic Share Market (prev. Borsa Italia MTA (Equities),IT,IT,"{'14':'Europe','15':'Eurozone','16':'Global (all)','17':'Global (developed)','2':'All Europe','23':'Eurozone Official','24':'Developed Market(Stoxx World)','35':'All Europe (Stoxx World)','36':'Western Europe (Stoxx World)','43':'European Union (Stoxx World)','44':'Eurozone (Stoxx World)','47':'Developed Market + K (Stoxx World)','9':'Developed Markets'}",MTAA,9.58,9.58,9.58,9.58,,1,FALSE,1,0,1,0.3501,931890010,3125519954,,0.0005947,0.0006331,13059308.27,12004702.34,13628500.25,12542059.98,13637176.99,12567341.28,12792511.63,11786461.64,5045517782,Infrastrutture Wireless Italiane SpA,COM,Business Organization,5045517782,Infrastrutture Wireless Italiane SpA,COM,Business Organization,PNCMJW135,12/23/2024,844,12/5/2024,IT506M,15,151020,0.166782067,Y,1,5.995848447,FALSE,,,,,5.995848447,0.011778345,0.011778345,0.1,1,1229472.302,FALSE,FALSE,FALSE,14
20241223,20241223,EUR,672716,Redeia Corporacion,ES0173093024,BD6FXN3,EUR,65,6510,651010,65101015,ES,,,REDE.MC,MC,,ES,ES,Madrid Stock Exchange,ES,ES,"{'14':'Europe','15':'Eurozone','16':'Global (all)','17':'Global (developed)','2':'All Europe','23':'Eurozone Official','24':'Developed Market(Stoxx World)','35':'All Europe (Stoxx World)','36':'Western Europe (Stoxx World)','43':'European Union (Stoxx World)','44':'Eurozone (Stoxx World)','47':'Developed Market + K (Stoxx World)','9':'Developed Markets'}",XMAD,16.43,16.43,16.43,16.43,,1,FALSE,1,0,1,0.75,541080000,6667458300,,0.0012476,0.0012427,16118068.8,14831191.61,16496390.15,15197299.75,16737484.99,15444396.27,16807557.35,15500061.64,4295889513,Redeia Corporacion SA,COM,Business Organization,4295889513,Redeia Corporacion SA,COM,Business Organization,JFL9R6QR6,12/23/2024,650,12/5/2024,672716,65,651010,0.168117746,Y,1,5.948212047,FALSE,,,,,5.948212047,0.011684767,0.011684767,0.1,1,711184.8395,FALSE,FALSE,FALSE,15
20241223,20241223,EUR,579802,ENEL,IT0003128367,7144569,EUR,65,6510,651010,65101015,IT,,,ENEI.MI,MI,,IT,IT,Euronext Milan Electronic Share Market (prev. Borsa Italia MTA (Equities),IT,IT,"{'14':'Europe','15':'Eurozone','16':'Global (all)','17':'Global (developed)','2':'All Europe','23':'Eurozone Official','24':'Developed Market(Stoxx World)','35':'All Europe (Stoxx World)','36':'Western Europe (Stoxx World)','43':'European Union (Stoxx World)','44':'Eurozone (Stoxx World)','47':'Developed Market + K (Stoxx World)','9':'Developed Markets'}",MTAA,6.806,6.806,6.806,6.806,,1,FALSE,1,0,1,0.7641,10166679946,52871459159,,0.0098954,0.0098541,165878463.6,152415121.2,157614835,144973593.1,165031505.8,152170364.3,161654784.2,149011257.5,4295875798,Enel SpA,COM,Business Organization,4295875798,Enel SpA,COM,Business Organization,UG9ADRCR6,12/23/2024,736,12/5/2024,579802,65,651010,0.168492868,Y,1,5.934969301,FALSE,,,,,5.934969301,0.011658753,0.011658753,0.1,1,1713010.967,FALSE,FALSE,FALSE,16
20241223,20241223,EUR,488082,TELEFONICA,ES0178430E18,5732524,EUR,15,1510,151020,15102015,ES,,,TEF.MC,MC,,ES,ES,Madrid Stock Exchange,ES,ES,"{'14':'Europe','15':'Eurozone','16':'Global (all)','17':'Global (developed)','2':'All Europe','23':'Eurozone Official','24':'Developed Market(Stoxx World)','35':'All Europe (Stoxx World)','36':'Western Europe (Stoxx World)','43':'European Union (Stoxx World)','44':'Eurozone (Stoxx World)','47':'Developed Market + K (Stoxx World)','9':'Developed Markets'}",XMAD,3.928,3.928,3.928,3.928,,1,FALSE,1,0,1,0.6997,5670161554,15583994491,,0.0029086,0.0029045,43533117.33,39923203.11,44256901.44,40701348.22,48452505.2,44671136.9,47502108.35,43774679.11,5000062703,Telefonica SA,COM,Business Organization,5000062703,Telefonica SA,COM,Business Organization,YJNCXMLY0,12/23/2024,626,12/5/2024,488082,15,151020,0.169305494,Y,1,5.906482857,FALSE,,,,,5.906482857,0.011602793,0.011602793,0.1,1,2953867.973,FALSE,FALSE,FALSE,17
20241223,20241223,EUR,725147,SNAM RETE GAS,IT0003153415,7251470,EUR,60,6010,601010,60101035,IT,,,SRG.MI,MI,,IT,IT,Euronext Milan Electronic Share Market (prev. Borsa Italia MTA (Equities),IT,IT,"{'14':'Europe','15':'Eurozone','16':'Global (all)','17':'Global (developed)','2':'All Europe','23':'Eurozone Official','24':'Developed Market(Stoxx World)','35':'All Europe (Stoxx World)','36':'Western Europe (Stoxx World)','43':'European Union (Stoxx World)','44':'Eurozone (Stoxx World)','47':'Developed Market + K (Stoxx World)','9':'Developed Markets'}",MTAA,4.238,4.238,4.238,4.238,,1,FALSE,1,0,1,0.6119,3360857809,8715484690,,0.0016375,0.0016244,28605575.11,26354676.71,32668944.84,30121029.64,34212555.47,31579448.55,33817585.48,31196922.91,4295875615,Snam SpA,COM,Business Organization,4295875615,Snam SpA,COM,Business Organization,GMR6KZMM2,12/23/2024,633,12/5/2024,725147,60,601010,0.16994287,Y,1,5.884330411,FALSE,,,,,5.884330411,0.011559277,0.011559277,0.1,1,2727531.09,FALSE,FALSE,FALSE,18
20241223,20241223,EUR,477518,SANOFI,FR0000120578,5671735,EUR,20,2010,201030,20103015,FR,,,SASY.PA1,PA1,,FR,FR,,,FR,"{'14':'Europe','15':'Eurozone','16':'Global (all)','17':'Global (developed)','2':'All Europe','23':'Eurozone Official','24':'Developed Market(Stoxx World)','35':'All Europe (Stoxx World)','36':'Western Europe (Stoxx World)','43':'European Union (Stoxx World)','44':'Eurozone (Stoxx World)','47':'Developed Market + K (Stoxx World)','9':'Developed Markets'}",,91.28,91.28,91.28,91.28,,1,FALSE,1,0,1,0.9068,1268922721,1.05E+11,,0.0197859,0.0195708,166186460.7,152551879.2,157172872.5,144504087.8,148964099.2,137247734,146586228,135041007.2,4295868215,Sanofi SA,COM,Business Organization,4295868215,Sanofi SA,COM,Business Organization,FL5PVV7L3,12/23/2024,639,12/5/2024,477518,20,201030,0.174937592,Y,1,5.716324267,FALSE,,,,,5.716324267,0.011229243,0.011229243,0.1,1,123019.749,FALSE,FALSE,FALSE,19
20241223,20241223,EUR,401140,AIR LIQUIDE,FR0000120073,B1YXBJ7,EUR,55,5520,552010,55201020,FR,,,AIRP.PA1,PA1,,FR,FR,,,FR,"{'14':'Europe','15':'Eurozone','16':'Global (all)','17':'Global (developed)','2':'All Europe','23':'Eurozone Official','24':'Developed Market(Stoxx World)','35':'All Europe (Stoxx World)','36':'Western Europe (Stoxx World)','43':'European Union (Stoxx World)','44':'Eurozone (Stoxx World)','47':'Developed Market + K (Stoxx World)','9':'Developed Markets'}",,155.38,155.38,155.38,155.38,,1,FALSE,1,0,1,1,578254787,89849228804,,0.01671,0.0167424,110122851.8,101293628.1,109037164.8,100407895.1,107389940.7,99061359.85,108867597.9,100386716.8,4295867366,L'Air Liquide Societe Anonyme pour l'Etude et l'Exploitation des Procedes Georges Claude SA,COM,Business Organization,4295867366,L'Air Liquide Societe Anonyme pour l'Etude et l'Exploitation des Procedes Georges Claude SA,COM,Business Organization,37KS8BCR5,12/23/2024,796,12/5/2024,401140,55,552010,0.177410446,Y,1,5.636646673,FALSE,,,,,5.636646673,0.011072723,0.011072723,0.1,1,71262.21326,FALSE,FALSE,FALSE,20
20241223,20241223,EUR,443639,ENI,IT0003132476,7145056,EUR,60,6010,601010,60101000,IT,,,ENI.MI,MI,,IT,IT,Euronext Milan Electronic Share Market (prev. Borsa Italia MTA (Equities),IT,IT,"{'14':'Europe','15':'Eurozone','16':'Global (all)','17':'Global (developed)','2':'All Europe','23':'Eurozone Official','24':'Developed Market(Stoxx World)','35':'All Europe (Stoxx World)','36':'Western Europe (Stoxx World)','43':'European Union (Stoxx World)','44':'Eurozone (Stoxx World)','47':'Developed Market + K (Stoxx World)','9':'Developed Markets'}",MTAA,12.724,12.724,12.724,12.724,,1,FALSE,1,0,1,0.6448,3284490525,26947389677,,0.0050399,0.0054134,180926872.4,166084308.3,164343318.9,151070420.9,162819928.2,149989537.1,160626328.1,147950007.7,4295875633,Eni SpA,COM,Business Organization,4295875633,Eni SpA,COM,Business Organization,ZBVVD9Z96,12/23/2024,735,12/5/2024,443639,60,601010,0.177616641,Y,1,5.630103078,FALSE,,,,,5.630103078,0.011059868,0.011059868,0.1,1,869213.1681,FALSE,FALSE,FALSE,21
20241223,20241223,EUR,570151,ELISA CORPORATION,FI0009007884,5701513,EUR,15,1510,151020,15102015,FI,,,ELISA.HE,HE,,FI,FI,Nasdaq Nordic Helsinki,FI,FI,"{'14':'Europe','15':'Eurozone','16':'Global (all)','17':'Global (developed)','19':'Nordic','2':'All Europe','23':'Eurozone Official','24':'Developed Market(Stoxx World)','35':'All Europe (Stoxx World)','36':'Western Europe (Stoxx World)','38':'Nordic (Stoxx World)','43':'European Union (Stoxx World)','44':'Eurozone (Stoxx World)','47':'Developed Market + K (Stoxx World)','9':'Developed Markets'}",XHEL,41.56,41.56,41.56,41.56,,1,FALSE,1,0,1,0.8996,167335073,6256219292,,0.0011676,0.001166,12159227.84,11154130.44,11989054.08,11022691.04,12620874.65,11635727.1,13120387.32,12093279.11,5000040066,Elisa Oyj,COM,Business Organization,5000040066,Elisa Oyj,COM,Business Organization,WT65TCLD7,12/23/2024,739,12/5/2024,570151,15,151020,0.17901078,Y,1,5.586255765,FALSE,,,,,5.586255765,0.010973734,0.010973734,0.1,1,264045.5716,FALSE,FALSE,FALSE,22
20241223,20241223,EUR,IT607O,ITALGAS,IT0005211237,BD2Z8S7,EUR,65,6510,651020,65102020,IT,,,IG.MI,MI,,IT,IT,Euronext Milan Electronic Share Market (prev. Borsa Italia MTA (Equities),IT,IT,"{'14':'Europe','15':'Eurozone','16':'Global (all)','17':'Global (developed)','2':'All Europe','23':'Eurozone Official','24':'Developed Market(Stoxx World)','35':'All Europe (Stoxx World)','36':'Western Europe (Stoxx World)','43':'European Union (Stoxx World)','44':'Eurozone (Stoxx World)','47':'Developed Market + K (Stoxx World)','9':'Developed Markets'}",MTAA,5.36,5.36,5.36,5.36,,1,FALSE,1,0,1,0.6056,811242309,2633305515,,0.0004943,0.0004908,22498952.56,20611610.57,17807014.55,16352673.18,17497771.59,16105836.02,15515976.05,14283024.53,5052167677,Italgas SpA,COM,Business Organization,5052167677,Italgas SpA,COM,Business Organization,QCAZR6790,12/23/2024,857,12/5/2024,IT607O,65,651020,0.179938864,Y,1,5.557443116,FALSE,,,,,5.557443116,0.010917134,0.010917134,0.1,1,2036778.715,FALSE,FALSE,FALSE,23
20241223,20241223,EUR,ES504F,AENA SME,ES0105046009,BVRZ8L1,EUR,50,5020,502060,50206060,ES,,,AENA.MC,MC,,ES,ES,Madrid Stock Exchange,ES,ES,"{'14':'Europe','15':'Eurozone','16':'Global (all)','17':'Global (developed)','2':'All Europe','23':'Eurozone Official','24':'Developed Market(Stoxx World)','35':'All Europe (Stoxx World)','36':'Western Europe (Stoxx World)','43':'European Union (Stoxx World)','44':'Eurozone (Stoxx World)','47':'Developed Market + K (Stoxx World)','9':'Developed Markets'}",XMAD,199,199,199,199,,1,FALSE,1,0,1,0.49,150000000,14626500000,,0.0027307,0.0027261,30906482.43,28381719.39,31037635.9,28559987.65,30111214.92,27763735.18,28333781.79,26120009.64,5044623340,Aena SME SA,GVTDA,Government Department / Agency,4296939656,"Spain, Kingdom of (Government)",GVT,Government,L4AM85SQ4,12/23/2024,842,12/5/2024,ES504F,50,502060,0.181140502,Y,1,5.520576508,FALSE,,,,,5.520576508,0.010844713,0.010844713,0.1,1,54496.04287,FALSE,FALSE,FALSE,24
20241223,20241223,EUR,576920,ARCADIS,NL0006237562,5769209,EUR,50,5010,501010,50101015,NL,,,ARDS.AS1,AS1,,NL,NL,,,NL,"{'14':'Europe','15':'Eurozone','16':'Global (all)','17':'Global (developed)','2':'All Europe','23':'Eurozone Official','24':'Developed Market(Stoxx World)','35':'All Europe (Stoxx World)','36':'Western Europe (Stoxx World)','43':'European Union (Stoxx World)','44':'Eurozone (Stoxx World)','47':'Developed Market + K (Stoxx World)','9':'Developed Markets'}",,58.7,58.7,58.7,58.7,,1,FALSE,1,0,1,0.8149,90442091,4326263959,,0.0008071,0.0008063,12555638.31,11479444.88,14456602.11,13268973.66,13369167.75,12303532.67,11878366.41,10932446.54,4295884700,Arcadis NV,COM,Business Organization,4295884700,Arcadis NV,COM,Business Organization,VYPCBZAS8,12/23/2024,809,12/5/2024,576920,50,501010,0.181801953,Y,1,5.500490979,FALSE,,,,,5.500490979,0.010805256,0.010805256,0.1,1,184075.9145,FALSE,FALSE,FALSE,25
20241223,20241223,EUR,430376,ESSILORLUXOTTICA,FR0000121667,7212477,EUR,20,2010,201020,20102015,FR,,,ESLX.PA1,PA1,,FR,FR,,,FR,"{'14':'Europe','15':'Eurozone','16':'Global (all)','17':'Global (developed)','2':'All Europe','23':'Eurozone Official','24':'Developed Market(Stoxx World)','35':'All Europe (Stoxx World)','36':'Western Europe (Stoxx World)','43':'European Union (Stoxx World)','44':'Eurozone (Stoxx World)','47':'Developed Market + K (Stoxx World)','9':'Developed Markets'}",,231.2,231.2,231.2,231.2,,1,FALSE,1,0,1,0.6773,457318291,71612276068,,0.013469,0.013347,120529518.2,111022012.5,106783550.9,98346486.47,99689741.95,91946206.54,94397446.37,87043936.68,4295867261,EssilorLuxottica SA,COM,Business Organization,4295867261,EssilorLuxottica SA,COM,Business Organization,U6MGPTWJ9,12/23/2024,733,12/5/2024,430376,20,201020,0.182310231,Y,1,5.485155676,FALSE,,,,,5.485155676,0.010775131,0.010775131,0.1,1,46605.239,FALSE,FALSE,FALSE,26
20241223,20241223,EUR,458260,GEA GRP,DE0006602006,4557104,EUR,50,5020,502040,50204000,DE,,,G1AG.DE,DE,,DE,DE,XETRA,DE,DE,"{'14':'Europe','15':'Eurozone','16':'Global (all)','17':'Global (developed)','2':'All Europe','23':'Eurozone Official','24':'Developed Market(Stoxx World)','35':'All Europe (Stoxx World)','36':'Western Europe (Stoxx World)','43':'European Union (Stoxx World)','44':'Eurozone (Stoxx World)','47':'Developed Market + K (Stoxx World)','9':'Developed Markets'}",XETR,48.3,48.3,48.3,48.3,,1,FALSE,1,0,1,0.9001,172331076,7492064233,,0.0014013,0.0014148,13807060.77,12710702.21,12837036.64,11823990.62,12253145.65,11299838.38,12387300.59,11416152.84,5000010681,GEA Group AG,COM,Business Organization,5000010681,GEA Group AG,COM,Business Organization,VAXWM5P63,12/23/2024,717,12/5/2024,458260,50,502040,0.182992429,Y,1,5.46470696,FALSE,,,,,5.46470696,0.010734961,0.010734961,0.1,1,222255.9308,FALSE,FALSE,FALSE,27
20241223,20241223,EUR,441920,HEINEKEN HLDG,NL0000008977,B0CCH46,EUR,45,4510,451010,45101010,NL,,,HEIO.AS1,AS1,,NL,NL,,,NL,"{'14':'Europe','15':'Eurozone','16':'Global (all)','17':'Global (developed)','2':'All Europe','23':'Eurozone Official','24':'Developed Market(Stoxx World)','35':'All Europe (Stoxx World)','36':'Western Europe (Stoxx World)','43':'European Union (Stoxx World)','44':'Eurozone (Stoxx World)','47':'Developed Market + K (Stoxx World)','9':'Developed Markets'}",,57.6,57.6,57.6,57.6,,1,FALSE,1,0,1,0.4127,288030168,6846914899,,0.0012772,0.0012752,10951339.64,10073499.4,9969634.6,9174150.369,9253502.281,8528470.238,9008502.01,8300809.251,4295884808,Heineken Holding NV,COM,Business Organization,5000040044,L Arche Green NV,COM,Business Organization,RQJKB8F47,12/23/2024,705,12/5/2024,441920,45,451010,0.18389865,Y,1,5.437777808,FALSE,,,,,5.437777808,0.010682061,0.010682061,0.1,1,185452.4546,FALSE,FALSE,FALSE,28
20241223,20241223,EUR,492752,E.ON,DE000ENAG999,4942904,EUR,65,6510,651020,65102000,DE,,,EONGn.DE,DE,,DE,DE,XETRA,DE,DE,"{'14':'Europe','15':'Eurozone','16':'Global (all)','17':'Global (developed)','2':'All Europe','23':'Eurozone Official','24':'Developed Market(Stoxx World)','35':'All Europe (Stoxx World)','36':'Western Europe (Stoxx World)','43':'European Union (Stoxx World)','44':'Eurozone (Stoxx World)','47':'Developed Market + K (Stoxx World)','9':'Developed Markets'}",XETR,11.12,11.12,11.12,11.12,,1,FALSE,1,0,1,0.85,2641318800,24965745298,,0.0047068,0.0043219,66492006.78,61232069.95,63586070.05,58557423.37,66693589.73,61516345.05,64862832.59,59812986.68,5057957727,E ON SE,COM,Business Organization,5057957727,E ON SE,COM,Business Organization,1HZWLYH74,12/23/2024,745,12/5/2024,492752,65,651020,0.184417375,Y,1,5.422482558,FALSE,,,,,5.422482558,0.010652015,0.010652015,0.1,1,957915.0304,FALSE,FALSE,FALSE,29
20241223,20241223,EUR,EF2,VEOLIA ENVIRONNEMENT,FR0000124141,4031879,EUR,65,6510,651020,65102030,FR,,,VIE.PA1,PA1,,FR,FR,,,FR,"{'14':'Europe','15':'Eurozone','16':'Global (all)','17':'Global (developed)','2':'All Europe','23':'Eurozone Official','24':'Developed Market(Stoxx World)','35':'All Europe (Stoxx World)','36':'Western Europe (Stoxx World)','43':'European Union (Stoxx World)','44':'Eurozone (Stoxx World)','47':'Developed Market + K (Stoxx World)','9':'Developed Markets'}",,26.8,26.8,26.8,26.8,,1,FALSE,1,0,1,1,740652608,19849489894,,0.0037091,0.0036271,54662885.48,50345916.7,56123475.42,51744677.22,55627053.48,51351398.75,54089492.97,49911949.37,4295867473,Veolia Environnement SA,COM,Business Organization,4295867473,Veolia Environnement SA,COM,Business Organization,L3FG47SW1,12/23/2024,611,12/5/2024,EF2,65,651020,0.187001498,Y,1,5.347550754,FALSE,,,,,5.347550754,0.010504818,0.010504818,0.1,1,391970.8155,FALSE,FALSE,FALSE,30
20241223,20241223,EUR,475531,ANHEUSER-BUSCH INBEV,BE0974293251,BYYHL23,EUR,45,4510,451010,45101010,BE,,,ABI.BR1,BR1,,BE,BE,,,BE,"{'14':'Europe','15':'Eurozone','16':'Global (all)','17':'Global (developed)','2':'All Europe','23':'Eurozone Official','24':'Developed Market(Stoxx World)','35':'All Europe (Stoxx World)','36':'Western Europe (Stoxx World)','43':'European Union (Stoxx World)','44':'Eurozone (Stoxx World)','47':'Developed Market + K (Stoxx World)','9':'Developed Markets'}",,48.14,48.14,48.14,48.14,,1,FALSE,1,0,1,0.5708,1797198523,49383981741,,0.0092734,0.0086075,88259721.29,81173459.84,86872177.78,79986240.1,85545252.55,78884283.67,84209986.3,77629053.27,4295859326,Anheuser-Busch Inbev SA,COM,Business Organization,4295859326,Anheuser-Busch Inbev SA,COM,Business Organization,L3YBMJLG7,12/23/2024,790,12/5/2024,475531,45,451010,0.187573646,Y,1,5.331239335,FALSE,,,,,5.331239335,0.010472775,0.010472775,0.1,1,217548.3056,FALSE,FALSE,FALSE,31
20241223,20241223,EUR,481808,VINCI,FR0000125486,B1XH026,EUR,50,5010,501010,50101010,FR,,,SGEF.PA1,PA1,,FR,FR,,,FR,"{'14':'Europe','15':'Eurozone','16':'Global (all)','17':'Global (developed)','2':'All Europe','23':'Eurozone Official','24':'Developed Market(Stoxx World)','35':'All Europe (Stoxx World)','36':'Western Europe (Stoxx World)','43':'European Union (Stoxx World)','44':'Eurozone (Stoxx World)','47':'Developed Market + K (Stoxx World)','9':'Developed Markets'}",,97.98,97.98,97.98,97.98,,1,FALSE,1,0,1,1,589895166,57797928365,,0.0108573,0.0107652,113316856.8,104115247.2,114724194.2,105657512.2,107811613.4,99454416.76,103999868.9,95894771.34,4295867538,Vinci SA,COM,Business Organization,4295867538,Vinci SA,COM,Business Organization,V8Z5VYZF1,12/23/2024,609,12/5/2024,481808,50,501010,0.188306356,Y,1,5.310495208,FALSE,,,,,5.310495208,0.010432025,0.010432025,0.1,1,106470.9668,FALSE,FALSE,FALSE,32
20241223,20241223,EUR,573282,QIAGEN,NL0015001WM6,BMHCW17,EUR,20,2010,201020,20102015,DE,,,QIA.DE,DE,,NL,DE,XETRA,DE,DE,"{'14':'Europe','15':'Eurozone','16':'Global (all)','17':'Global (developed)','2':'All Europe','23':'Eurozone Official','24':'Developed Market(Stoxx World)','35':'All Europe (Stoxx World)','36':'Western Europe (Stoxx World)','43':'European Union (Stoxx World)','44':'Eurozone (Stoxx World)','47':'Developed Market + K (Stoxx World)','9':'Developed Markets'}",XETR,42.9,42.9,42.9,42.9,,1,FALSE,1,0,1,1,223904429,9605500004,,0.0018044,0.0017903,20667133.8,19003930,21204940.82,19525932.58,22747085.07,20991829.55,24039110.85,22174558.56,4295884717,Qiagen NV,COM,Business Organization,4295884717,Qiagen NV,COM,Business Organization,AWHMKVB43,12/23/2024,654,12/5/2024,573282,20,201020,0.190244282,Y,1,5.256399777,FALSE,,,,,5.256399777,0.010325759,0.010325759,0.1,1,240693.6913,FALSE,FALSE,FALSE,33
20241223,20241223,EUR,458836,MICHELIN,FR001400AJ45,BPBPJ01,EUR,40,4010,401010,40101015,FR,,,MICP.PA1,PA1,,FR,FR,,,FR,"{'14':'Europe','15':'Eurozone','16':'Global (all)','17':'Global (developed)','2':'All Europe','23':'Eurozone Official','24':'Developed Market(Stoxx World)','35':'All Europe (Stoxx World)','36':'Western Europe (Stoxx World)','43':'European Union (Stoxx World)','44':'Eurozone (Stoxx World)','47':'Developed Market + K (Stoxx World)','9':'Developed Markets'}",,31.95,31.95,31.95,31.95,,1,FALSE,1,0,1,1,708499977,22636574265,,0.0042158,0.0042574,51560967.52,47358610.74,52618281.48,48418337.59,53260631.16,49107397.9,51905446.35,47850352.75,4295867411,Compagnie Generale des Etablissements Michelin SCA,COM,Business Organization,4295867411,Compagnie Generale des Etablissements Michelin SCA,COM,Business Organization,6H8D3A1P0,12/23/2024,672,12/5/2024,458836,40,401010,0.191244752,Y,1,5.228901661,FALSE,,,,,5.228901661,0.010271742,0.010271742,0.1,1,321494.2597,FALSE,FALSE,FALSE,34
20241223,20241223,EUR,582300,FREENET,DE000A0Z2ZZ5,B1SK0S6,EUR,15,1510,151020,15102015,DE,,,FNTGn.DE,DE,,DE,DE,XETRA,DE,DE,"{'14':'Europe','15':'Eurozone','16':'Global (all)','17':'Global (developed)','2':'All Europe','23':'Eurozone Official','24':'Developed Market(Stoxx World)','35':'All Europe (Stoxx World)','36':'Western Europe (Stoxx World)','43':'European Union (Stoxx World)','44':'Eurozone (Stoxx World)','47':'Developed Market + K (Stoxx World)','9':'Developed Markets'}",XETR,27.16,27.16,27.16,27.16,,1,FALSE,1,0,1,1,118900598,3229340242,,0.0006086,0.0006019,6959446.547,6402867.922,7007004.167,6450358.106,7931925.869,7316962.355,7943759.667,7324379.135,5000063237,freenet AG,COM,Business Organization,5000063237,freenet AG,COM,Business Organization,VCSRVBXQ0,12/23/2024,724,12/5/2024,582300,15,151020,0.191591977,Y,1,5.219425225,FALSE,,,,,5.219425225,0.010253126,0.010253126,0.1,1,377508.3185,FALSE,FALSE,FALSE,35
20241223,20241223,EUR,473322,REPSOL,ES0173516115,5669354,EUR,60,6010,601010,60101000,ES,,,REP.MC,MC,,ES,ES,Madrid Stock Exchange,ES,ES,"{'14':'Europe','15':'Eurozone','16':'Global (all)','17':'Global (developed)','2':'All Europe','23':'Eurozone Official','24':'Developed Market(Stoxx World)','35':'All Europe (Stoxx World)','36':'Western Europe (Stoxx World)','43':'European Union (Stoxx World)','44':'Eurozone (Stoxx World)','47':'Developed Market + K (Stoxx World)','9':'Developed Markets'}",XMAD,11.015,11.015,11.015,11.015,,1,FALSE,1,0,1,0.9481,1177396053,12295925514,,0.0023246,0.0022917,50873161.61,46685668.01,51044139.57,46906532.05,53106906.81,48931410.62,53032861.17,48856687.46,4295889563,Repsol SA,COM,Business Organization,4295889563,Repsol SA,COM,Business Organization,Y7KFGY7M7,12/23/2024,648,12/5/2024,473322,60,601010,0.19204476,Y,1,5.207119414,FALSE,,,,,5.207119414,0.010228952,0.010228952,0.1,1,928638.4193,FALSE,FALSE,FALSE,36
20241223,20241223,EUR,490541,TOTALENERGIES,FR0000120271,B15C557,EUR,60,6010,601010,60101000,FR,,,TTEF.PA1,PA1,,FR,FR,,,FR,"{'14':'Europe','15':'Eurozone','16':'Global (all)','17':'Global (developed)','2':'All Europe','23':'Eurozone Official','24':'Developed Market(Stoxx World)','35':'All Europe (Stoxx World)','36':'Western Europe (Stoxx World)','43':'European Union (Stoxx World)','44':'Eurozone (Stoxx World)','47':'Developed Market + K (Stoxx World)','9':'Developed Markets'}",,51.89,51.89,51.89,51.89,,1,FALSE,1,0,1,0.9446,2397679661,1.18E+11,,0.0220013,0.0231884,251770130.4,231333983.4,237707330.4,218710767.1,237109819.3,218576418.9,243781558.2,224653948.1,5001170594,TotalEnergies SE,COM,Business Organization,5001170594,TotalEnergies SE,COM,Business Organization,ZC9GNAB78,12/23/2024,620,12/5/2024,490541,60,601010,0.193203338,Y,1,5.175894016,FALSE,,,,,5.175894016,0.010167612,0.010167612,0.1,1,195945.5097,FALSE,FALSE,FALSE,37
20241223,20241223,EUR,49065,KERRY GRP,IE0004906560,4519579,EUR,45,4510,451020,45102020,IE,,,KYGa.I1,I1,,IE,IE,,,IE,"{'14':'Europe','15':'Eurozone','16':'Global (all)','17':'Global (developed)','2':'All Europe','23':'Eurozone Official','24':'Developed Market(Stoxx World)','35':'All Europe (Stoxx World)','36':'Western Europe (Stoxx World)','43':'European Union (Stoxx World)','44':'Eurozone (Stoxx World)','47':'Developed Market + K (Stoxx World)','9':'Developed Markets'}",,92,92,92,92,,1,FALSE,1,0,1,0.8839,169659589,13796514186,,0.0025764,0.0025921,34419196.07,31641215.22,35049162.14,32265127.49,34167191.91,31512673.04,34278650.52,31609857.24,4295874927,Kerry Group PLC,COM,Business Organization,4295874927,Kerry Group PLC,COM,Business Organization,KWT9DJM17,12/23/2024,688,12/5/2024,49065,45,451020,0.193749522,Y,1,5.161303065,FALSE,,,,,5.161303065,0.01013895,0.01013895,0.1,1,110205.976,FALSE,FALSE,FALSE,38
20241223,20241223,EUR,DE50B7,SCOUT24,DE000A12DM80,BYT9340,EUR,10,1010,101010,10101020,DE,,,G24n.DE,DE,,DE,DE,XETRA,DE,DE,"{'14':'Europe','15':'Eurozone','16':'Global (all)','17':'Global (developed)','2':'All Europe','23':'Eurozone Official','24':'Developed Market(Stoxx World)','35':'All Europe (Stoxx World)','36':'Western Europe (Stoxx World)','43':'European Union (Stoxx World)','44':'Eurozone (Stoxx World)','47':'Developed Market + K (Stoxx World)','9':'Developed Markets'}",XETR,84.55,84.55,84.55,84.55,,1,FALSE,1,0,1,1,75000000,6341250000,,0.0012049,0.0011819,10866629.07,10021638.78,9871250.984,9097122.697,9495765.793,8761881.586,9663393.367,8907751.239,5046707762,Scout24 SE,COM,Business Organization,5046707762,Scout24 SE,COM,Business Organization,378ZBTB91,12/23/2024,847,12/5/2024,DE50B7,10,101010,0.194595906,Y,1,5.138854246,FALSE,,,,,5.138854246,0.010094851,0.010094851,0.1,1,119395.0438,FALSE,FALSE,FALSE,39
20241223,20241223,EUR,457270,BOLLORE,FR0000039299,4572709,EUR,50,5020,502060,50206060,FR,,,BOLL.PA1,PA1,,FR,FR,,,FR,"{'14':'Europe','15':'Eurozone','16':'Global (all)','17':'Global (developed)','2':'All Europe','23':'Eurozone Official','24':'Developed Market(Stoxx World)','35':'All Europe (Stoxx World)','36':'Western Europe (Stoxx World)','43':'European Union (Stoxx World)','44':'Eurozone (Stoxx World)','47':'Developed Market + K (Stoxx World)','9':'Developed Markets'}",,5.76,5.76,5.76,5.76,,1,FALSE,1,0,1,0.2466,2852174816,4051274743,,0.0007656,0.0007551,6448445.95,5930545.944,6176925.876,5680624.117,5787959.713,5330061.195,5737585.548,5283523.993,4295868250,Bollore SE,COM,Business Organization,5000005686,Bollore Participations SE,COM,Business Organization,A1A94L8L3,12/23/2024,767,12/5/2024,457270,50,502060,0.194774971,Y,1,5.134129891,FALSE,,,,,5.134129891,0.01008557,0.01008557,0.1,1,1750967.075,FALSE,FALSE,FALSE,40
20241223,20241223,EUR,B1JB4K,SYMRISE,DE000SYM9999,B1JB4K8,EUR,55,5520,552010,55201000,DE,,,SY1G.DE,DE,,DE,DE,XETRA,DE,DE,"{'14':'Europe','15':'Eurozone','16':'Global (all)','17':'Global (developed)','2':'All Europe','23':'Eurozone Official','24':'Developed Market(Stoxx World)','35':'All Europe (Stoxx World)','36':'Western Europe (Stoxx World)','43':'European Union (Stoxx World)','44':'Eurozone (Stoxx World)','47':'Developed Market + K (Stoxx World)','9':'Developed Markets'}",XETR,101.65,101.65,101.65,101.65,,1,FALSE,1,0,1,0.8993,139772054,12777100880,,0.0023868,0.0023814,29278168.05,26916059.9,30437363.16,28023565.51,33656476.38,31039925.29,33378945.87,30767924.47,4295868896,Symrise AG,COM,Business Organization,4295868896,Symrise AG,COM,Business Organization,VQPAMC2B4,12/23/2024,628,12/5/2024,B1JB4K,55,552010,0.19527873,Y,1,5.120885401,FALSE,,,,,5.120885401,0.010059553,0.010059553,0.1,1,98962.64295,FALSE,FALSE,FALSE,41
20241223,20241223,EUR,470774,PUBLICIS GRP,FR0000130577,4380429,EUR,40,4030,403010,40301020,FR,,,PUBP.PA1,PA1,,FR,FR,,,FR,"{'14':'Europe','15':'Eurozone','16':'Global (all)','17':'Global (developed)','2':'All Europe','23':'Eurozone Official','24':'Developed Market(Stoxx World)','35':'All Europe (Stoxx World)','36':'Western Europe (Stoxx World)','43':'European Union (Stoxx World)','44':'Eurozone (Stoxx World)','47':'Developed Market + K (Stoxx World)','9':'Developed Markets'}",,102.85,102.85,102.85,102.85,,1,FALSE,1,0,1,0.9343,254311860,24437527257,,0.0045606,0.0045546,42397748.95,39030354.06,43482185.4,40042325.98,43566580.53,40194370.58,43665798.75,40278378.13,4295866610,Publicis Groupe SA,COM,Business Organization,4295866610,Publicis Groupe SA,COM,Business Organization,JVM4FJHZ8,12/23/2024,656,12/5/2024,470774,40,403010,0.195346857,Y,1,5.119099518,FALSE,,,,,5.119099518,0.010056044,0.010056044,0.1,1,97773.88856,FALSE,FALSE,FALSE,42
20241223,20241223,EUR,B03851,FERROVIAL,NL0015001FS8,BRS7CF0,EUR,50,5010,501010,50101010,ES,,,FER.MC,MC,,NL,ES,Madrid Stock Exchange,ES,ES,"{'14':'Europe','15':'Eurozone','16':'Global (all)','17':'Global (developed)','2':'All Europe','23':'Eurozone Official','24':'Developed Market(Stoxx World)','35':'All Europe (Stoxx World)','36':'Western Europe (Stoxx World)','43':'European Union (Stoxx World)','44':'Eurozone (Stoxx World)','47':'Developed Market + K (Stoxx World)','9':'Developed Markets'}",XMAD,39.84,39.84,39.84,39.84,,1,FALSE,1,0,1,0.6638,732163043,19362631545,,0.0036477,0.0036126,34187995.37,31563172.8,33073836.23,30502028.09,34365442.67,31738249.86,34483279.05,31820115.45,5068933357,Ferrovial SE,COM,Business Organization,5068933357,Ferrovial SE,COM,Business Organization,HAWC994X5,12/23/2024,759,12/5/2024,B03851,50,501010,0.195607042,Y,1,5.112290384,FALSE,,,,,5.112290384,0.010042668,0.010042668,0.1,1,252075.0116,FALSE,FALSE,FALSE,43
20241223,20241223,EUR,533338,ACS,ES0167050915,B01FLQ6,EUR,50,5010,501010,50101010,ES,,,ACS.MC,MC,,ES,ES,Madrid Stock Exchange,ES,ES,"{'14':'Europe','15':'Eurozone','16':'Global (all)','17':'Global (developed)','2':'All Europe','23':'Eurozone Official','24':'Developed Market(Stoxx World)','35':'All Europe (Stoxx World)','36':'Western Europe (Stoxx World)','43':'European Union (Stoxx World)','44':'Eurozone (Stoxx World)','47':'Developed Market + K (Stoxx World)','9':'Developed Markets'}",XMAD,47.46,47.46,47.46,47.46,,1,FALSE,1,0,1,0.7018,271664594,9048448905,,0.0016924,0.0017093,18798655.7,17289229.44,19700432.89,18139632.77,21613329.16,19926885.19,21889954.41,20173222.23,4295889547,ACS Actividades de Construccion y Servicios SA,COM,Business Organization,4295889547,ACS Actividades de Construccion y Servicios SA,COM,Business Organization,5A2YNAZ10,12/23/2024,801,12/5/2024,533338,50,501010,0.196504813,Y,1,5.088933885,FALSE,,,,,5.088933885,0.009996787,0.009996787,0.1,1,210636.0423,FALSE,FALSE,FALSE,44
20241223,20241223,EUR,476776,SAFRAN,FR0000073272,B058TZ6,EUR,50,5020,502010,50201010,FR,,,SAF.PA1,PA1,,FR,FR,,,FR,"{'14':'Europe','15':'Eurozone','16':'Global (all)','17':'Global (developed)','2':'All Europe','23':'Eurozone Official','24':'Developed Market(Stoxx World)','35':'All Europe (Stoxx World)','36':'Western Europe (Stoxx World)','43':'European Union (Stoxx World)','44':'Eurozone (Stoxx World)','47':'Developed Market + K (Stoxx World)','9':'Developed Markets'}",,210,210,210,210,,1,FALSE,1,0,1,0.8852,427260541,79424316488,,0.014852,0.014803,129761534,119421913.9,124357155.2,114585541,116883746.1,107843876,109968812.3,101431757.8,4295867343,Safran SA,COM,Business Organization,4295867343,Safran SA,COM,Business Organization,LDX9BSK41,12/23/2024,643,12/5/2024,476776,50,502010,0.196776885,Y,1,5.081897712,FALSE,,,,,5.081897712,0.009982965,0.009982965,0.1,1,47537.92662,FALSE,FALSE,FALSE,45
20241223,20241223,EUR,441930,HEINEKEN,NL0000009165,7792559,EUR,45,4510,451010,45101010,NL,,,HEIN.AS1,AS1,,NL,NL,,,NL,"{'14':'Europe','15':'Eurozone','16':'Global (all)','17':'Global (developed)','2':'All Europe','23':'Eurozone Official','24':'Developed Market(Stoxx World)','35':'All Europe (Stoxx World)','36':'Western Europe (Stoxx World)','43':'European Union (Stoxx World)','44':'Eurozone (Stoxx World)','47':'Developed Market + K (Stoxx World)','9':'Developed Markets'}",,68.32,68.32,68.32,68.32,,1,FALSE,1,0,1,0.4999,576002613,19672314010,,0.0036813,0.0036665,56699224.7,52153621.87,56303981.96,51834257.35,56637628.55,52251730.92,55189815.71,50907662.01,4295884692,Heineken NV,COM,Business Organization,5000040044,L Arche Green NV,COM,Business Organization,CRSYR8BU0,12/23/2024,706,12/5/2024,441930,45,451010,0.19762046,Y,1,5.060204791,FALSE,,,,,5.060204791,0.009940351,0.009940351,0.1,1,145496.9358,FALSE,FALSE,FALSE,46
20241223,20241223,EUR,DE305Z,EVONIK INDUSTRIES,DE000EVNK013,B5ZQ9D3,EUR,55,5520,552010,55201020,DE,,,EVKn.DE,DE,,DE,DE,XETRA,DE,DE,"{'14':'Europe','15':'Eurozone','16':'Global (all)','17':'Global (developed)','2':'All Europe','23':'Eurozone Official','24':'Developed Market(Stoxx World)','35':'All Europe (Stoxx World)','36':'Western Europe (Stoxx World)','43':'European Union (Stoxx World)','44':'Eurozone (Stoxx World)','47':'Developed Market + K (Stoxx World)','9':'Developed Markets'}",XETR,16.44,16.44,16.44,16.44,,1,FALSE,1,0,1,0.5348,466000000,4097124192,,0.000769,0.0007636,18330022.34,16829788.19,19509762.61,17939475.77,21598200.23,19894145.1,20110710.1,18522538.46,5000074393,Evonik Industries AG,COM,Business Organization,5000074393,Evonik Industries AG,COM,Business Organization,95LGK7TX2,12/23/2024,827,12/5/2024,DE305Z,55,552010,0.199027529,Y,1,5.024430556,FALSE,,,,,5.024430556,0.009870075,0.009870075,0.1,1,600369.5347,FALSE,FALSE,FALSE,47
20241223,20241223,EUR,449667,KONE B,FI0009013403,B09M9D2,EUR,50,5020,502040,50204000,FI,,,KNEBV.HE,HE,,FI,FI,Nasdaq Nordic Helsinki,FI,FI,"{'14':'Europe','15':'Eurozone','16':'Global (all)','17':'Global (developed)','19':'Nordic','2':'All Europe','23':'Eurozone Official','24':'Developed Market(Stoxx World)','35':'All Europe (Stoxx World)','36':'Western Europe (Stoxx World)','38':'Nordic (Stoxx World)','43':'European Union (Stoxx World)','44':'Eurozone (Stoxx World)','47':'Developed Market + K (Stoxx World)','9':'Developed Markets'}",XHEL,47.15,47.15,47.15,47.15,,1,FALSE,1,0,1,0.8829,453187148,18865607689,,0.003503,0.0035161,28958273.25,26583920.26,28072162.67,25824221.9,28592321.26,26358879.39,28826367.87,26562484.64,4295866401,Kone Oyj,COM,Business Organization,4295866401,Kone Oyj,COM,Business Organization,Z2UA5X5N1,12/23/2024,684,12/5/2024,449667,50,502040,0.200195516,Y,1,4.995116872,FALSE,,,,,4.995116872,0.009812491,0.009812491,0.1,1,208112.2134,FALSE,FALSE,FALSE,48
20241223,20241223,EUR,563828,VISCOFAN,ES0184262212,5638280,EUR,45,4510,451020,45102020,ES,,,VIS.MC,MC,,ES,ES,Madrid Stock Exchange,ES,ES,"{'14':'Europe','15':'Eurozone','16':'Global (all)','17':'Global (developed)','2':'All Europe','23':'Eurozone Official','24':'Developed Market(Stoxx World)','35':'All Europe (Stoxx World)','36':'Western Europe (Stoxx World)','43':'European Union (Stoxx World)','44':'Eurozone (Stoxx World)','47':'Developed Market + K (Stoxx World)','9':'Developed Markets'}",XMAD,59.6,59.6,59.6,59.6,,1,FALSE,1,0,1,0.8073,46500000,2237351220,,0.0004248,0.000417,2708435.266,2486304.908,2292023.802,2107731.023,2532655.684,2334807.315,2589144.175,2385911.346,4295889294,Viscofan SA,COM,Business Organization,4295889294,Viscofan SA,COM,Business Organization,NGJ48W1C7,12/23/2024,608,12/5/2024,563828,45,451020,0.200587372,Y,1,4.985358704,FALSE,,,,,4.985358704,0.009793322,0.009793322,0.1,1,164317.4791,FALSE,FALSE,FALSE,49
20241223,20241223,EUR,711131,Industria de Diseno Textil SA,ES0148396007,BP9DL90,EUR,40,4040,404010,40401020,ES,,,ITX.MC,MC,,ES,ES,Madrid Stock Exchange,ES,ES,"{'14':'Europe','15':'Eurozone','16':'Global (all)','17':'Global (developed)','2':'All Europe','23':'Eurozone Official','24':'Developed Market(Stoxx World)','35':'All Europe (Stoxx World)','36':'Western Europe (Stoxx World)','43':'European Union (Stoxx World)','44':'Eurozone (Stoxx World)','47':'Developed Market + K (Stoxx World)','9':'Developed Markets'}",XMAD,50.06,50.06,50.06,50.06,,1,FALSE,1,0,1,0.3566,3116652000,55636589046,,0.0102946,0.0103695,99265934.57,91130609.54,86073040.46,79112628.65,83235740.83,76659924.01,80069215.87,73744412.45,4295889432,Industria de Diseno Textil SA,COM,Business Organization,4297816551,Pontegadea Inversiones SL,COM,Business Organization,12UJ4G7D7,12/23/2024,697,12/5/2024,711131,40,404010,0.20094666,Y,1,4.976444999,FALSE,,,,,4.976444999,0.009775812,0.009775812,0.1,1,195281.8922,FALSE,FALSE,FALSE,50
20241223,20241223,EUR,936469,EIFFAGE,FR0000130452,B13X013,EUR,50,5010,501010,50101010,FR,,,FOUG.PA1,PA1,,FR,FR,,,FR,"{'14':'Europe','15':'Eurozone','16':'Global (all)','17':'Global (developed)','2':'All Europe','23':'Eurozone Official','24':'Developed Market(Stoxx World)','35':'All Europe (Stoxx World)','36':'Western Europe (Stoxx World)','43':'European Union (Stoxx World)','44':'Eurozone (Stoxx World)','47':'Developed Market + K (Stoxx World)','9':'Developed Markets'}",,82.06,82.06,82.06,82.06,,1,FALSE,1,0,1,0.9488,98000000,7630135744,,0.0014341,0.0014988,26600280.19,24419726,25759350.37,23708657.76,24244575.46,22350387.76,23074591.46,21266882.35,4295867230,Eiffage SA,COM,Business Organization,4295867230,Eiffage SA,COM,Business Organization,B737KYYS1,12/23/2024,741,12/5/2024,936469,50,501010,0.200982844,Y,1,4.975549053,FALSE,,,,,4.975549053,0.009774052,0.009774052,0.1,1,119108.5975,FALSE,FALSE,FALSE,51
20241223,20241223,EUR,ES0017,AMADEUS IT GROUP,ES0109067019,B3MSM28,EUR,10,1010,101010,10101010,ES,,,AMA.MC,MC,,ES,ES,Madrid Stock Exchange,ES,ES,"{'14':'Europe','15':'Eurozone','16':'Global (all)','17':'Global (developed)','2':'All Europe','23':'Eurozone Official','24':'Developed Market(Stoxx World)','35':'All Europe (Stoxx World)','36':'Western Europe (Stoxx World)','43':'European Union (Stoxx World)','44':'Eurozone (Stoxx World)','47':'Developed Market + K (Stoxx World)','9':'Developed Markets'}",XMAD,68.2,68.2,68.2,68.2,,1,FALSE,1,0,1,1,450499205,30724045781,,0.0057005,0.0057263,39220338.21,36158296.38,36422725.85,33573539.98,39312999.79,36288045.66,40091322.56,36993946.98,5000724903,Amadeus IT Group SA,COM,Business Organization,5000724903,Amadeus IT Group SA,COM,Business Organization,SY45NW9M9,12/23/2024,812,12/5/2024,ES0017,10,101010,0.201726663,Y,1,4.957202901,FALSE,,,,,4.957202901,0.009738012,0.009738012,0.1,1,142786.1001,FALSE,FALSE,FALSE,52
20241223,20241223,EUR,411515,BOUYGUES,FR0000120503,4002121,EUR,50,5010,501010,50101010,FR,,,BOUY.PA1,PA1,,FR,FR,,,FR,"{'14':'Europe','15':'Eurozone','16':'Global (all)','17':'Global (developed)','2':'All Europe','23':'Eurozone Official','24':'Developed Market(Stoxx World)','35':'All Europe (Stoxx World)','36':'Western Europe (Stoxx World)','43':'European Union (Stoxx World)','44':'Eurozone (Stoxx World)','47':'Developed Market + K (Stoxx World)','9':'Developed Markets'}",,28.19,28.19,28.19,28.19,,1,FALSE,1,0,1,0.7125,379268439,7617748823,,0.0014216,0.0014197,27142331.5,24922538.52,26281526.24,24193734.15,27675872.98,25524703.31,28249202.37,26044843.99,4295867226,Bouygues SA,COM,Business Organization,4295867226,Bouygues SA,COM,Business Organization,PC8C7GWG1,12/23/2024,766,12/5/2024,411515,50,501010,0.20308508,Y,1,4.924044644,FALSE,,,,,4.924044644,0.009672875,0.009672875,0.1,1,343131.4435,FALSE,FALSE,FALSE,53
20241223,20241223,EUR,431536,ENDESA,ES0130670112,5271782,EUR,65,6510,651010,65101015,ES,,,ELE.MC,MC,,ES,ES,Madrid Stock Exchange,ES,ES,"{'14':'Europe','15':'Eurozone','16':'Global (all)','17':'Global (developed)','2':'All Europe','23':'Eurozone Official','24':'Developed Market(Stoxx World)','35':'All Europe (Stoxx World)','36':'Western Europe (Stoxx World)','43':'European Union (Stoxx World)','44':'Eurozone (Stoxx World)','47':'Developed Market + K (Stoxx World)','9':'Developed Markets'}",XMAD,20.41,20.41,20.41,20.41,,1,FALSE,1,0,1,0.299,1058752117,6461130082,,0.0012093,0.0012042,22670527.91,20881593.13,21421657.63,19738141.5,23036348.37,21261104.84,23460070.93,21638355.11,4295889287,Endesa SA,COM,Business Organization,4295875798,Enel SpA,COM,Business Organization,F39VNW5B7,12/23/2024,737,12/5/2024,431536,65,651010,0.203701944,Y,1,4.909133328,FALSE,,,,,4.909133328,0.009643583,0.009643583,0.1,1,472493.06,FALSE,FALSE,FALSE,54
20241223,20241223,EUR,465975,VOPAK,NL0009432491,5809428,EUR,50,5020,502060,50206060,NL,,,VOPA.AS1,AS1,,NL,NL,,,NL,"{'14':'Europe','15':'Eurozone','16':'Global (all)','17':'Global (developed)','2':'All Europe','23':'Eurozone Official','24':'Developed Market(Stoxx World)','35':'All Europe (Stoxx World)','36':'Western Europe (Stoxx World)','43':'European Union (Stoxx World)','44':'Eurozone (Stoxx World)','47':'Developed Market + K (Stoxx World)','9':'Developed Markets'}",,42.02,42.02,42.02,42.02,,1,FALSE,1,0,1,0.4439,125740586,2345398662,,0.0004409,,6559142.979,6023034.401,6198831.922,5702259.064,6374803.118,5879346.733,6218484.262,5733796.891,4295884874,Koninklijke Vopak NV,COM,Business Organization,4295884874,Koninklijke Vopak NV,COM,Business Organization,TGSYYJ4K4,12/23/2024,604,12/5/2024,465975,50,502060,0.204681266,Y,1,4.885644983,FALSE,,,,,4.885644983,0.009597442,0.009597442,0.1,1,228401.7719,FALSE,FALSE,FALSE,55
20241223,20241223,EUR,B28DTJ,BUREAU VERITAS,FR0006174348,B28DTJ6,EUR,50,5020,502050,50205020,FR,,,BVI.PA1,PA1,,FR,FR,,,FR,"{'14':'Europe','15':'Eurozone','16':'Global (all)','17':'Global (developed)','2':'All Europe','23':'Eurozone Official','24':'Developed Market(Stoxx World)','35':'All Europe (Stoxx World)','36':'Western Europe (Stoxx World)','43':'European Union (Stoxx World)','44':'Eurozone (Stoxx World)','47':'Developed Market + K (Stoxx World)','9':'Developed Markets'}",,28.78,28.78,28.78,28.78,,1,FALSE,1,0,1,0.7351,454033034,9605603685,,0.0018046,0.0017932,22813252.62,20960523.74,21543042.87,19822007.75,21785813.33,20086829.29,21148987.65,19493181.92,4295867415,Bureau Veritas SA,COM,Business Organization,4295867415,Bureau Veritas SA,COM,Business Organization,4QXWBJ7H6,12/23/2024,765,12/5/2024,B28DTJ,50,502050,0.206033341,Y,1,4.853583377,FALSE,,,,,4.853583377,0.00953446,0.00953446,0.1,1,331287.7034,FALSE,FALSE,FALSE,56
20241223,20241223,EUR,DE8087,SIEMENS HEALTHINEERS,DE000SHL1006,BD594Y4,EUR,20,2010,201020,20102010,DE,,,SHLG.DE,DE,,DE,DE,XETRA,DE,DE,"{'14':'Europe','15':'Eurozone','16':'Global (all)','17':'Global (developed)','2':'All Europe','23':'Eurozone Official','24':'Developed Market(Stoxx World)','35':'All Europe (Stoxx World)','36':'Western Europe (Stoxx World)','43':'European Union (Stoxx World)','44':'Eurozone (Stoxx World)','47':'Developed Market + K (Stoxx World)','9':'Developed Markets'}",XETR,52.1,52.1,52.1,52.1,,1,FALSE,1,0,1,0.2465,1128000000,14486509200,,0.0027141,0.0027,35429126.39,32540259.61,35337386.18,32516040.46,35618878.9,32839583.53,35561740.36,32781225.2,5060559444,Siemens Healthineers AG,COM,Business Organization,4295869238,Siemens AG,COM,Business Organization,MY2525WL5,12/23/2024,869,12/5/2024,DE8087,20,201020,0.208193689,Y,1,4.803219566,FALSE,,,,,4.803219566,0.009435525,0.009435525,0.1,1,181104.1189,FALSE,FALSE,FALSE,57
20241223,20241223,EUR,759800,HERA,IT0001250932,7598003,EUR,65,6510,651020,65102000,IT,,,HRA.MI,MI,,IT,IT,Euronext Milan Electronic Share Market (prev. Borsa Italia MTA (Equities),IT,IT,"{'14':'Europe','15':'Eurozone','16':'Global (all)','17':'Global (developed)','2':'All Europe','23':'Eurozone Official','24':'Developed Market(Stoxx World)','35':'All Europe (Stoxx World)','36':'Western Europe (Stoxx World)','43':'European Union (Stoxx World)','44':'Eurozone (Stoxx World)','47':'Developed Market + K (Stoxx World)','9':'Developed Markets'}",MTAA,3.356,3.356,3.356,3.356,,1,FALSE,1,0,1,0.5417,1489538745,2707899812,,0.0005101,0.0005047,7808135.654,7184226.084,7924432.214,7300382.702,8414517.372,7767179.919,8199655.88,7565739.512,4295875817,Hera SpA,COM,Business Organization,4295875817,Hera SpA,COM,Business Organization,66T3BGUN4,12/23/2024,703,12/5/2024,759800,65,651020,0.210290095,Y,1,4.755335716,FALSE,,,,,4.755335716,0.009341461,0.009341461,0.1,1,2783510.358,FALSE,FALSE,FALSE,58
20241223,20241223,EUR,DE50C8,COVESTRO,DE0006062144,BYTBWY9,EUR,55,5520,552010,55201020,DE,,,1COVG.DE,DE,,DE,DE,XETRA,DE,DE,"{'14':'Europe','15':'Eurozone','16':'Global (all)','17':'Global (developed)','2':'All Europe','23':'Eurozone Official','24':'Developed Market(Stoxx World)','35':'All Europe (Stoxx World)','36':'Western Europe (Stoxx World)','43':'European Union (Stoxx World)','44':'Eurozone (Stoxx World)','47':'Developed Market + K (Stoxx World)','9':'Developed Markets'}",XETR,57,57,57,57,,1,FALSE,1,0,1,0.2989,189000000,3220049700,,0.0006139,0.0006001,49736635.64,45564183.85,44904537.17,41273773.36,40971802.72,37726802.45,39570588.36,36426459.17,5046707555,Covestro AG,COM,Business Organization,5046707555,Covestro AG,COM,Business Organization,D8BVT8C57,12/23/2024,848,12/5/2024,DE50C8,55,552010,0.211038547,Y,1,4.738470844,FALSE,,,,,4.738470844,0.009308331,0.009308331,0.1,1,163304.0548,FALSE,FALSE,FALSE,59
20241223,20241223,EUR,465145,OMV,AT0000743059,4651459,EUR,60,6010,601010,60101000,AT,,,OMVV.VI,VI,,AT,AT,Wienerborse - Main market,AT,AT,"{'14':'Europe','15':'Eurozone','16':'Global (all)','17':'Global (developed)','2':'All Europe','23':'Eurozone Official','24':'Developed Market(Stoxx World)','35':'All Europe (Stoxx World)','36':'Western Europe (Stoxx World)','43':'European Union (Stoxx World)','44':'Eurozone (Stoxx World)','47':'Developed Market + K (Stoxx World)','9':'Developed Markets'}",WBAH,36.36,36.36,36.36,36.36,,1,FALSE,1,0,1,0.436,327272727,5188241450,,0.0009768,0.000967,14499394.74,13282177.79,15321199.82,14080585.78,16953873.78,15621201.54,16766089.29,15445319.8,4295859007,OMV AG,COM,Business Organization,4295859007,OMV AG,COM,Business Organization,4PNR68UB7,12/23/2024,664,12/5/2024,465145,60,601010,0.211451752,Y,1,4.729211222,FALSE,,,,,4.729211222,0.009290141,0.009290141,0.1,1,255504.4381,FALSE,FALSE,FALSE,60
20241223,20241223,EUR,401190,AKZO NOBEL,NL0013267909,BJ2KSG2,EUR,55,5520,552010,55201020,NL,,,AKZO.AS1,AS1,,NL,NL,,,NL,"{'14':'Europe','15':'Eurozone','16':'Global (all)','17':'Global (developed)','2':'All Europe','23':'Eurozone Official','24':'Developed Market(Stoxx World)','35':'All Europe (Stoxx World)','36':'Western Europe (Stoxx World)','43':'European Union (Stoxx World)','44':'Eurozone (Stoxx World)','47':'Developed Market + K (Stoxx World)','9':'Developed Markets'}",,55.84,55.84,55.84,55.84,,1,FALSE,1,0,1,1,170775688,9536114418,,0.0017834,0.0017773,29036016.02,26619066.02,27740589.97,25488115.78,28571330.56,26332460,28212030.18,25997748.5,4295884730,Akzo Nobel NV,COM,Business Organization,4295884730,Akzo Nobel NV,COM,Business Organization,5TGDUQTW6,12/23/2024,795,12/5/2024,401190,55,552010,0.211583873,Y,1,4.726258135,FALSE,,,,,4.726258135,0.00928434,0.00928434,0.1,1,166266.8387,FALSE,FALSE,FALSE,61
20241223,20241223,EUR,435209,FRESENIUS,DE0005785604,4352097,EUR,20,2010,201010,20101025,DE,,,FREG.DE,DE,,DE,DE,XETRA,DE,DE,"{'14':'Europe','15':'Eurozone','16':'Global (all)','17':'Global (developed)','2':'All Europe','23':'Eurozone Official','24':'Developed Market(Stoxx World)','35':'All Europe (Stoxx World)','36':'Western Europe (Stoxx World)','43':'European Union (Stoxx World)','44':'Eurozone (Stoxx World)','47':'Developed Market + K (Stoxx World)','9':'Developed Markets'}",XETR,33.2,33.2,33.2,33.2,,1,FALSE,1,0,1,0.736,563237277,13762815511,,0.0025979,0.0025651,34027336.93,31313009.68,32782003.29,30172231.65,32484530.82,29954507.87,33196792.38,30597201.16,5001439044,Fresenius SE & Co KGaA,COM,Business Organization,5001439044,Fresenius SE & Co KGaA,COM,Business Organization,FJ2JMY2R1,12/23/2024,723,12/5/2024,435209,20,201010,0.211607497,Y,1,4.725730484,FALSE,,,,,4.725730484,0.009283304,0.009283304,0.1,1,279617.5828,FALSE,FALSE,FALSE,62
20241223,20241223,EUR,435435,FUCHS PREF,DE000A3E5D64,BNHRG84,EUR,55,5520,552010,55201020,DE,,,FPE3_p.DE,DE,,DE,DE,XETRA,DE,DE,"{'14':'Europe','15':'Eurozone','16':'Global (all)','17':'Global (developed)','2':'All Europe','23':'Eurozone Official','24':'Developed Market(Stoxx World)','35':'All Europe (Stoxx World)','36':'Western Europe (Stoxx World)','43':'European Union (Stoxx World)','44':'Eurozone (Stoxx World)','47':'Developed Market + K (Stoxx World)','9':'Developed Markets'}",XETR,41.68,41.68,41.68,41.68,,1,FALSE,1,0,1,1,65500000,2730040000,,0.0005134,0.0005087,3121033.196,2865674.592,3378377.469,3110256.444,3620144.978,3339358.86,3576034.774,3296831.671,5040186258,Fuchs Se,COM,Business Organization,5040186258,Fuchs Se,COM,Business Organization,R1BYUNVD8,12/23/2024,721,12/5/2024,435435,55,552010,0.212188613,Y,1,4.712788242,FALSE,,,,,4.712788242,0.00925788,0.00925788,0.1,1,222118.0372,FALSE,FALSE,FALSE,63
20241223,20241223,EUR,411232,ACCOR,FR0000120404,5852842,EUR,40,4050,405010,40501025,FR,,,ACCP.PA1,PA1,,FR,FR,,,FR,"{'14':'Europe','15':'Eurozone','16':'Global (all)','17':'Global (developed)','2':'All Europe','23':'Eurozone Official','24':'Developed Market(Stoxx World)','35':'All Europe (Stoxx World)','36':'Western Europe (Stoxx World)','43':'European Union (Stoxx World)','44':'Eurozone (Stoxx World)','47':'Developed Market + K (Stoxx World)','9':'Developed Markets'}",,46.6,46.6,46.6,46.6,,1,FALSE,1,0,1,0.8683,243667720,9859473347,,0.0018409,0.0018373,29517499.5,27089824.81,29362236.27,26987609.84,31683517.62,29200134.76,31327714.14,28872560.16,4295866829,Accor SA,COM,Business Organization,4295866829,Accor SA,COM,Business Organization,D9L16NJN6,12/23/2024,803,12/5/2024,411232,40,405010,0.213347269,Y,1,4.687193814,FALSE,,,,,4.687193814,0.009207602,0.009207602,0.1,1,197588.0187,FALSE,FALSE,FALSE,64
20241223,20241223,EUR,481830,SODEXO,FR0000121220,7062713,EUR,40,4050,405010,40501040,FR,,,EXHO.PA1,PA1,,FR,FR,,,FR,"{'14':'Europe','15':'Eurozone','16':'Global (all)','17':'Global (developed)','2':'All Europe','23':'Eurozone Official','24':'Developed Market(Stoxx World)','35':'All Europe (Stoxx World)','36':'Western Europe (Stoxx World)','43':'European Union (Stoxx World)','44':'Eurozone (Stoxx World)','47':'Developed Market + K (Stoxx World)','9':'Developed Markets'}",,77.85,77.85,77.85,77.85,,1,FALSE,1,0,1,0.5725,147454887,6571935291,,0.00124,0.0012249,22440026.95,20568863.05,20574971.1,18901166.44,19393697.75,17856291.15,20532804.01,18904157.1,4295866614,Sodexo SA,COM,Business Organization,4295867642,Bellon SA,COM,Business Organization,JMH1YGTV1,12/23/2024,632,12/5/2024,481830,40,405010,0.214085034,Y,1,4.671041124,FALSE,,,,,4.671041124,0.009175871,0.009175871,0.1,1,117866.038,FALSE,FALSE,FALSE,65
20241223,20241223,EUR,549913,A2A,IT0001233417,5499131,EUR,65,6510,651010,65101015,IT,,,A2.MI,MI,,IT,IT,Euronext Milan Electronic Share Market (prev. Borsa Italia MTA (Equities),IT,IT,"{'14':'Europe','15':'Eurozone','16':'Global (all)','17':'Global (developed)','2':'All Europe','23':'Eurozone Official','24':'Developed Market(Stoxx World)','35':'All Europe (Stoxx World)','36':'Western Europe (Stoxx World)','43':'European Union (Stoxx World)','44':'Eurozone (Stoxx World)','47':'Developed Market + K (Stoxx World)','9':'Developed Markets'}",MTAA,2.118,2.118,2.118,2.118,,1,FALSE,1,0,1,0.5,3132905277,3317746688,,0.0006234,0.0006184,17753654.56,16315478.56,19082579.86,17552287.86,22776293.12,21006927.51,21947224.85,20236406.37,5000005309,A2A SpA,COM,Business Organization,5000005309,A2A SpA,COM,Business Organization,Q4CDWC3Z2,12/23/2024,805,12/5/2024,549913,65,651010,0.214511857,Y,1,4.661746978,FALSE,,,,,4.661746978,0.009157613,0.009157613,0.1,1,4323707.971,FALSE,FALSE,FALSE,66
20241223,20241223,EUR,461785,DEUTSCHE POST,DE0005552004,4617859,EUR,50,5020,502060,50206040,DE,,,DHLn.DE,DE,,DE,DE,XETRA,DE,DE,"{'14':'Europe','15':'Eurozone','16':'Global (all)','17':'Global (developed)','2':'All Europe','23':'Eurozone Official','24':'Developed Market(Stoxx World)','35':'All Europe (Stoxx World)','36':'Western Europe (Stoxx World)','43':'European Union (Stoxx World)','44':'Eurozone (Stoxx World)','47':'Developed Market + K (Stoxx World)','9':'Developed Markets'}",XETR,33.64,33.64,33.64,33.64,,1,FALSE,1,0,1,0.8301,1200000000,33509476800,,0.0062725,0.0062454,94042216.75,86331101.65,93539392.5,86032191.82,101054604.6,93135226.84,103908723.7,95749854.93,4295869983,Deutsche Post AG,COM,Business Organization,4295869983,Deutsche Post AG,COM,Business Organization,U8AWF9PY3,12/23/2024,748,12/5/2024,461785,50,502060,0.214950934,Y,1,4.652224499,FALSE,,,,,4.652224499,0.009138907,0.009138907,0.1,1,271667.8765,FALSE,FALSE,FALSE,67
20241223,20241223,EUR,705339,RECORDATI,IT0003828271,B07DRZ5,EUR,20,2010,201030,20103015,IT,,,RECI.MI,MI,,IT,IT,Euronext Milan Electronic Share Market (prev. Borsa Italia MTA (Equities),IT,IT,"{'14':'Europe','15':'Eurozone','16':'Global (all)','17':'Global (developed)','2':'All Europe','23':'Eurozone Official','24':'Developed Market(Stoxx World)','35':'All Europe (Stoxx World)','36':'Western Europe (Stoxx World)','43':'European Union (Stoxx World)','44':'Eurozone (Stoxx World)','47':'Developed Market + K (Stoxx World)','9':'Developed Markets'}",MTAA,50.4,50.4,50.4,50.4,,1,FALSE,1,0,1,0.4818,209125156,5078127608,,0.0009533,0.0009465,14428941.26,13295722.6,13524753.59,12456689.02,13196977.87,12175954.83,12852312.13,11849715.05,4295875399,Recordati Industria Chimica e Farmaceutica SpA,COM,Business Organization,5057546005,CVC Capital Partners VII Ltd,COM,Business Organization,QUQT4YPJ9,12/23/2024,651,12/5/2024,705339,20,201030,0.215842179,Y,1,4.633014744,FALSE,,,,,4.633014744,0.009101171,0.009101171,0.1,1,180578.7977,FALSE,FALSE,FALSE,68
20241223,20241223,EUR,B11ZRK,LEGRAND,FR0010307819,B11ZRK9,EUR,50,5020,502020,50202010,FR,,,LEGD.PA1,PA1,,FR,FR,,,FR,"{'14':'Europe','15':'Eurozone','16':'Global (all)','17':'Global (developed)','2':'All Europe','23':'Eurozone Official','24':'Developed Market(Stoxx World)','35':'All Europe (Stoxx World)','36':'Western Europe (Stoxx World)','43':'European Union (Stoxx World)','44':'Eurozone (Stoxx World)','47':'Developed Market + K (Stoxx World)','9':'Developed Markets'}",,94.04,94.04,94.04,94.04,,1,FALSE,1,0,1,1,262245733,24661588731,,0.00459,0.0045964,55764603.38,51323554.3,48563198.8,44714472.32,48455662.03,44689077.64,47233339.14,43548445.8,4295868617,Legrand SA,COM,Business Organization,4295868617,Legrand SA,COM,Business Organization,DYRB5C2F3,12/23/2024,678,12/5/2024,B11ZRK,50,502020,0.219712583,Y,1,4.551400688,FALSE,,,,,4.551400688,0.008940847,0.008940847,0.1,1,95074.94036,FALSE,FALSE,FALSE,69
20241223,20241223,EUR,B09DHL,MTU AERO ENGINES,DE000A0D9PT0,B09DHL9,EUR,50,5020,502010,50201010,DE,,,MTXGn.DE,DE,,DE,DE,XETRA,DE,DE,"{'14':'Europe','15':'Eurozone','16':'Global (all)','17':'Global (developed)','2':'All Europe','23':'Eurozone Official','24':'Developed Market(Stoxx World)','35':'All Europe (Stoxx World)','36':'Western Europe (Stoxx World)','43':'European Union (Stoxx World)','44':'Eurozone (Stoxx World)','47':'Developed Market + K (Stoxx World)','9':'Developed Markets'}",XETR,322.6,322.6,322.6,322.6,,1,FALSE,1,0,1,1,53824489,17363780151,,0.0032048,0.0032362,36538653.54,33711397.63,33471761.49,30873953.18,33531404.31,30963744.89,33964652.08,31344192.82,4295868681,MTU Aero Engines AG,COM,Business Organization,4295868681,MTU Aero Engines AG,COM,Business Organization,54635LVF7,12/23/2024,671,12/5/2024,B09DHL,50,502010,0.220189329,Y,1,4.541546148,FALSE,,,,,4.541546148,0.008921489,0.008921489,0.1,1,27654.95651,FALSE,FALSE,FALSE,70
20241223,20241223,EUR,738307,ENAGAS,ES0130960018,7383072,EUR,60,6010,601010,60101035,ES,,,ENAG.MC,MC,,ES,ES,Madrid Stock Exchange,ES,ES,"{'14':'Europe','15':'Eurozone','16':'Global (all)','17':'Global (developed)','2':'All Europe','23':'Eurozone Official','24':'Developed Market(Stoxx World)','35':'All Europe (Stoxx World)','36':'Western Europe (Stoxx World)','43':'European Union (Stoxx World)','44':'Eurozone (Stoxx World)','47':'Developed Market + K (Stoxx World)','9':'Developed Markets'}",XMAD,12.08,12.08,12.08,12.08,,1,FALSE,1,0,1,0.9,261990074,2848356085,,0.0005169,0.0005309,11771218.01,10804258.06,16292969.66,15005269.16,16223424.24,14961933.89,16581937.42,15284616.97,4295889502,Enagas SA,COM,Business Organization,4295889502,Enagas SA,COM,Business Organization,9M6D4TJY8,12/23/2024,738,12/5/2024,738307,60,601010,0.220454284,Y,1,4.536087844,FALSE,,,,,4.536087844,0.008910767,0.008910767,0.1,1,737646.2405,FALSE,FALSE,FALSE,71
20241223,20241223,EUR,417754,CARREFOUR,FR0000120172,5641567,EUR,45,4520,452010,45201010,FR,,,CARR.PA1,PA1,,FR,FR,,,FR,"{'14':'Europe','15':'Eurozone','16':'Global (all)','17':'Global (developed)','2':'All Europe','23':'Eurozone Official','24':'Developed Market(Stoxx World)','35':'All Europe (Stoxx World)','36':'Western Europe (Stoxx World)','43':'European Union (Stoxx World)','44':'Eurozone (Stoxx World)','47':'Developed Market + K (Stoxx World)','9':'Developed Markets'}",,13.475,13.475,13.475,13.475,,1,FALSE,1,0,1,0.8271,677969188,7556083550,,0.0014062,0.0014083,37818035.41,34737182.88,33805730.72,31112441.14,32001302.81,29498461.93,31176877.32,28735741.78,4295866751,Carrefour SA,COM,Business Organization,4295866751,Carrefour SA,COM,Business Organization,QLQRDBF39,12/23/2024,761,12/5/2024,417754,45,452010,0.222021251,N,1,4.504073356,FALSE,,,,,4.504073356,0.008847877,0.008847877,0.1,1,656614.2331,FALSE,FALSE,FALSE,72
20241223,20241223,EUR,FR90GV,LA FRANCAISE DES JEUX,FR0013451333,BG0SC10,EUR,40,4050,405010,40501020,FR,,,FDJ.PA1,PA1,,FR,FR,,,FR,"{'14':'Europe','15':'Eurozone','16':'Global (all)','17':'Global (developed)','2':'All Europe','23':'Eurozone Official','24':'Developed Market(Stoxx World)','35':'All Europe (Stoxx World)','36':'Western Europe (Stoxx World)','43':'European Union (Stoxx World)','44':'Eurozone (Stoxx World)','47':'Developed Market + K (Stoxx World)','9':'Developed Markets'}",,36.92,36.92,36.92,36.92,,1,FALSE,1,0,1,0.6327,185270000,4327774547,,0.0007946,0.0007365,8806723.22,8106521.342,7451133.923,6863675.385,7212492.907,6653965.268,7248685.408,6685256.284,4296496298,La Francaise des Jeux SA,COM,Business Organization,4296496298,La Francaise des Jeux SA,COM,Business Organization,FVGBDBW77,12/23/2024,877,12/5/2024,FR90GV,40,405010,0.22233149,N,1,4.497788413,FALSE,,,,,4.497788413,0.008835531,0.008835531,0.1,1,239315.5619,FALSE,FALSE,FALSE,73
20241223,20241223,EUR,453478,L'OREAL,FR0000120321,4057808,EUR,40,4020,402040,40204035,FR,,,OREP.PA1,PA1,,FR,FR,,,FR,"{'14':'Europe','15':'Eurozone','16':'Global (all)','17':'Global (developed)','2':'All Europe','23':'Eurozone Official','24':'Developed Market(Stoxx World)','35':'All Europe (Stoxx World)','36':'Western Europe (Stoxx World)','43':'European Union (Stoxx World)','44':'Eurozone (Stoxx World)','47':'Developed Market + K (Stoxx World)','9':'Developed Markets'}",,336.95,336.95,336.95,336.95,,1,FALSE,1,0,1,0.451,534311946,81196421002,,0.015262,0.0151716,162449536,149125706,153240251.6,140885374.4,145690136.1,134234298.5,143252541.8,131978530.7,4295867384,L'Oreal SA,COM,Business Organization,4295867384,L'Oreal SA,COM,Business Organization,M517B87V5,12/23/2024,680,12/5/2024,453478,40,402040,0.222458999,N,1,4.495210383,FALSE,,,,,4.495210383,0.008830466,0.008830466,0.1,1,26207.05214,FALSE,FALSE,FALSE,74
20241223,20241223,EUR,B0R7JF,IPSEN,FR0010259150,B0R7JF1,EUR,20,2010,201030,20103015,FR,,,IPN.PA1,PA1,,FR,FR,,,FR,"{'14':'Europe','15':'Eurozone','16':'Global (all)','17':'Global (developed)','2':'All Europe','23':'Eurozone Official','24':'Developed Market(Stoxx World)','35':'All Europe (Stoxx World)','36':'Western Europe (Stoxx World)','43':'European Union (Stoxx World)','44':'Eurozone (Stoxx World)','47':'Developed Market + K (Stoxx World)','9':'Developed Markets'}",,108,108,108,108,,1,FALSE,1,0,1,0.4338,83814526,3926744069,,0.0007432,0.0007319,7555696.523,6936746.347,8203967.075,7550352.409,8161987.193,7526436.558,8489784.948,7826904.488,4295868520,Ipsen SA,COM,Business Organization,4295868520,Ipsen SA,COM,Business Organization,LZ5YLPPX4,12/23/2024,693,12/5/2024,B0R7JF,20,201030,0.2231372,N,1,4.48154767,FALSE,,,,,4.48154767,0.008803627,0.008803627,0.1,1,81515.06443,FALSE,FALSE,FALSE,75
20241223,20241223,EUR,472370,RANDSTAD,NL0000379121,5228658,EUR,50,5020,502050,50205025,NL,,,RAND.AS1,AS1,,NL,NL,,,NL,"{'14':'Europe','15':'Eurozone','16':'Global (all)','17':'Global (developed)','2':'All Europe','23':'Eurozone Official','24':'Developed Market(Stoxx World)','35':'All Europe (Stoxx World)','36':'Western Europe (Stoxx World)','43':'European Union (Stoxx World)','44':'Eurozone (Stoxx World)','47':'Developed Market + K (Stoxx World)','9':'Developed Markets'}",,39.49,39.49,39.49,39.49,,1,FALSE,1,0,1,0.5863,180869312,4187664829,,0.000786,0.0007805,15882030.43,14572009.41,16744443.73,15400317.06,18589839.35,17146300.34,18961905.43,17483194.71,4295884627,Randstad NV,COM,Business Organization,4295884627,Randstad NV,COM,Business Organization,CA8495RK6,12/23/2024,652,12/5/2024,472370,50,502050,0.224473036,N,1,4.454878043,FALSE,,,,,4.454878043,0.008751237,0.008751237,0.1,1,221606.3991,FALSE,FALSE,FALSE,76
20241223,20241223,EUR,B01MJR,BIOMERIEUX,FR0013280286,BF0LBX7,EUR,20,2010,201020,20102010,FR,,,BIOX.PA1,PA1,,FR,FR,,,FR,"{'14':'Europe','15':'Eurozone','16':'Global (all)','17':'Global (developed)','2':'All Europe','23':'Eurozone Official','24':'Developed Market(Stoxx World)','35':'All Europe (Stoxx World)','36':'Western Europe (Stoxx World)','43':'European Union (Stoxx World)','44':'Eurozone (Stoxx World)','47':'Developed Market + K (Stoxx World)','9':'Developed Markets'}",,102.2,102.2,102.2,102.2,,1,FALSE,1,0,1,0.411,118361220,4971668357,,0.0009251,0.0009266,12092831.34,11104343.22,10583480.64,9730628.519,10875136.87,10021511.35,10438879.97,9618379.513,5000073706,Biomerieux SA,COM,Business Organization,5000920991,Compagnie Merieux Alliance SAS,COM,Business Organization,PADCPUMG9,12/23/2024,770,12/5/2024,B01MJR,20,201020,0.224988044,N,1,4.444680617,FALSE,,,,,4.444680617,0.008731205,0.008731205,0.1,1,85432.53136,FALSE,FALSE,FALSE,77
20241223,20241223,EUR,449000,KESKO,FI0009000202,4490005,EUR,45,4520,452010,45201010,FI,,,KESKOB.HE,HE,,FI,FI,Nasdaq Nordic Helsinki,FI,FI,"{'14':'Europe','15':'Eurozone','16':'Global (all)','17':'Global (developed)','19':'Nordic','2':'All Europe','23':'Eurozone Official','24':'Developed Market(Stoxx World)','35':'All Europe (Stoxx World)','36':'Western Europe (Stoxx World)','38':'Nordic (Stoxx World)','43':'European Union (Stoxx World)','44':'Eurozone (Stoxx World)','47':'Developed Market + K (Stoxx World)','9':'Developed Markets'}",XHEL,18.105,18.105,18.105,18.105,,1,FALSE,1,0,1,1,273130980,4945036393,,0.0009247,0.0009216,9658926.27,8879130.603,9974700.302,9177088.726,10378080.49,9570709.394,10663264.19,9828364.74,4295866517,Kesko Oyj,COM,Business Organization,4295866517,Kesko Oyj,COM,Business Organization,VV4TUG7V8,12/23/2024,687,12/5/2024,449000,45,452010,0.225647639,N,1,4.431688302,FALSE,,,,,4.431688302,0.008705682,0.008705682,0.1,1,480844.0975,FALSE,FALSE,FALSE,78
20241223,20241223,EUR,468232,PERNOD RICARD,FR0000120693,4682329,EUR,45,4510,451010,45101015,FR,,,PERP.PA1,PA1,,FR,FR,,,FR,"{'14':'Europe','15':'Eurozone','16':'Global (all)','17':'Global (developed)','2':'All Europe','23':'Eurozone Official','24':'Developed Market(Stoxx World)','35':'All Europe (Stoxx World)','36':'Western Europe (Stoxx World)','43':'European Union (Stoxx World)','44':'Eurozone (Stoxx World)','47':'Developed Market + K (Stoxx World)','9':'Developed Markets'}",,108.05,108.05,108.05,108.05,,1,FALSE,1,0,1,0.7811,253328748,21380402941,,0.0039853,0.0039843,67854378.66,62279803.23,65643048.54,60334689.4,63777706.24,58745340.22,65630954.22,60443480.57,4295867424,Pernod Ricard SA,COM,Business Organization,4295867424,Pernod Ricard SA,COM,Business Organization,QULCM87F6,12/23/2024,661,12/5/2024,468232,45,451010,0.226753849,N,1,4.410068468,FALSE,,,,,4.410068468,0.008663212,0.008663212,0.1,1,80177.80677,FALSE,FALSE,FALSE,79
20241223,20241223,EUR,476361,SAP,DE0007164600,4846288,EUR,10,1010,101010,10101015,DE,,,SAPG.DE,DE,,DE,DE,XETRA,DE,DE,"{'14':'Europe','15':'Eurozone','16':'Global (all)','17':'Global (developed)','2':'All Europe','23':'Eurozone Official','24':'Developed Market(Stoxx World)','35':'All Europe (Stoxx World)','36':'Western Europe (Stoxx World)','43':'European Union (Stoxx World)','44':'Eurozone (Stoxx World)','47':'Developed Market + K (Stoxx World)','9':'Developed Markets'}",XETR,236.75,236.75,236.75,236.75,,1,FALSE,1,0,1,0.8312,1228504232,2.42E+11,,0.0452166,0.0450304,317781406.9,292165878.9,306520976.1,282078973.4,304315180.6,280551608.9,301182691.4,277593653.8,5043321284,Sap Se,COM,Business Organization,5043321284,Sap Se,COM,Business Organization,XYPJR6DB2,12/23/2024,638,12/5/2024,476361,10,101010,0.227328265,N,1,4.398925061,FALSE,,,,,4.398925061,0.008641322,0.008641322,0.1,1,36499.77499,FALSE,FALSE,FALSE,80
20241223,20241223,EUR,444747,HUHTAMAKI,FI0009000459,4447476,EUR,50,5020,502030,50203030,FI,,,HUH1V.HE,HE,,FI,FI,Nasdaq Nordic Helsinki,FI,FI,"{'14':'Europe','15':'Eurozone','16':'Global (all)','17':'Global (developed)','19':'Nordic','2':'All Europe','23':'Eurozone Official','24':'Developed Market(Stoxx World)','35':'All Europe (Stoxx World)','36':'Western Europe (Stoxx World)','38':'Nordic (Stoxx World)','43':'European Union (Stoxx World)','44':'Eurozone (Stoxx World)','47':'Developed Market + K (Stoxx World)','9':'Developed Markets'}",XHEL,33.5,33.5,33.5,33.5,,1,FALSE,1,0,1,0.895,107760385,3230925743,,0.0006064,0.0006022,5439331.538,5008566.947,4929972.489,4542395.207,5352784.29,4942738.415,5516255.806,5090771.592,4295866419,Huhtamaki Oyj,COM,Business Organization,4295866419,Huhtamaki Oyj,COM,Business Organization,8SF5F9CK2,12/23/2024,700,12/5/2024,444747,50,502030,0.228361937,N,1,4.379013483,FALSE,,,,,4.379013483,0.008602207,0.008602207,0.1,1,256782.3013,FALSE,FALSE,FALSE,81
20241223,20241223,EUR,425240,MERCEDES-BENZ GROUP,DE0007100000,5529027,EUR,40,4010,401010,40101020,DE,,,MBGn.DE,DE,,DE,DE,XETRA,DE,DE,"{'14':'Europe','15':'Eurozone','16':'Global (all)','17':'Global (developed)','2':'All Europe','23':'Eurozone Official','24':'Developed Market(Stoxx World)','35':'All Europe (Stoxx World)','36':'Western Europe (Stoxx World)','43':'European Union (Stoxx World)','44':'Eurozone (Stoxx World)','47':'Developed Market + K (Stoxx World)','9':'Developed Markets'}",XETR,53.45,53.45,53.45,53.45,,1,FALSE,1,0,1,0.6486,1069837447,37088771566,,0.0068538,0.0070266,178241384.4,163486674,189700265.3,174490834,201755777.4,186007829.6,196033324.5,180699738.5,4295869694,Mercedes-Benz Group AG,COM,Business Organization,4295869694,Mercedes-Benz Group AG,COM,Business Organization,6W7Q9W8R4,12/23/2024,753,12/5/2024,425240,40,401010,0.230989751,N,1,4.329196414,FALSE,,,,,4.329196414,0.008504346,0.008504346,0.1,1,159108.4305,FALSE,FALSE,FALSE,82
20241223,20241223,EUR,441870,HEIDELBERG MATERIALS,DE0006047004,5120679,EUR,50,5010,501010,50101030,DE,,,HEIG.DE,DE,,DE,DE,XETRA,DE,DE,"{'14':'Europe','15':'Eurozone','16':'Global (all)','17':'Global (developed)','2':'All Europe','23':'Eurozone Official','24':'Developed Market(Stoxx World)','35':'All Europe (Stoxx World)','36':'Western Europe (Stoxx World)','43':'European Union (Stoxx World)','44':'Eurozone (Stoxx World)','47':'Developed Market + K (Stoxx World)','9':'Developed Markets'}",XETR,119.2,119.2,119.2,119.2,,1,FALSE,1,0,1,0.7436,182068120,16137993801,,0.0030527,0.0030078,38036735.19,35072754.76,36632766.67,33753202.76,37781419.62,34866594.31,37120911.87,34244401.06,4295868961,Heidelberg Materials AG,COM,Business Organization,4295868961,Heidelberg Materials AG,COM,Business Organization,U6VSPJSU5,12/23/2024,707,12/5/2024,441870,50,501010,0.231779757,N,1,4.314440628,FALSE,,,,,4.314440628,0.008475359,0.008475359,0.1,1,71102.00587,FALSE,FALSE,FALSE,83
20241223,20241223,EUR,483410,SCHNEIDER ELECTRIC,FR0000121972,4834108,EUR,50,5020,502020,50202010,FR,,,SCHN.PA1,PA1,,FR,FR,,,FR,"{'14':'Europe','15':'Eurozone','16':'Global (all)','17':'Global (developed)','2':'All Europe','23':'Eurozone Official','24':'Developed Market(Stoxx World)','35':'All Europe (Stoxx World)','36':'Western Europe (Stoxx World)','43':'European Union (Stoxx World)','44':'Eurozone (Stoxx World)','47':'Developed Market + K (Stoxx World)','9':'Developed Markets'}",,239.75,239.75,239.75,239.75,,1,FALSE,1,0,1,1,575628037,1.38E+11,,0.0257859,0.0257214,180671091.4,166355497,179236144.7,165057923.1,176788839.6,163088931.8,169103559,155954655.2,4295866940,Schneider Electric SE,COM,Business Organization,4295866940,Schneider Electric SE,COM,Business Organization,4V61DYLZ2,12/23/2024,637,12/5/2024,483410,50,502020,0.232330822,N,1,4.304207221,FALSE,,,,,4.304207221,0.008455256,0.008455256,0.1,1,35266.97153,FALSE,FALSE,FALSE,84
20241223,20241223,EUR,408348,BASF,DE000BASF111,5086577,EUR,55,5520,552010,55201000,DE,,,BASFn.DE,DE,,DE,DE,XETRA,DE,DE,"{'14':'Europe','15':'Eurozone','16':'Global (all)','17':'Global (developed)','2':'All Europe','23':'Eurozone Official','24':'Developed Market(Stoxx World)','35':'All Europe (Stoxx World)','36':'Western Europe (Stoxx World)','43':'European Union (Stoxx World)','44':'Eurozone (Stoxx World)','47':'Developed Market + K (Stoxx World)','9':'Developed Markets'}",XETR,42.54,42.54,42.54,42.54,,1,FALSE,1,0,1,1,892522164,37967892857,,0.00708,0.0070764,115573734.5,105971736.6,105356384.6,96785591.36,117561584.1,108366401.5,116398947.5,107264092,4295869198,BASF SE,COM,Business Organization,4295869198,BASF SE,COM,Business Organization,F23XNF429,12/23/2024,780,12/5/2024,408348,55,552010,0.233117479,N,1,4.28968263,FALSE,,,,,4.28968263,0.008426724,0.008426724,0.1,1,198089.4235,FALSE,FALSE,FALSE,85
20241223,20241223,EUR,401225,AIRBUS,NL0000235190,4012250,EUR,50,5020,502010,50201010,FR,,,AIR.PA1,PA1,,NL,FR,,,FR,"{'14':'Europe','15':'Eurozone','16':'Global (all)','17':'Global (developed)','2':'All Europe','23':'Eurozone Official','24':'Developed Market(Stoxx World)','35':'All Europe (Stoxx World)','36':'Western Europe (Stoxx World)','43':'European Union (Stoxx World)','44':'Eurozone (Stoxx World)','47':'Developed Market + K (Stoxx World)','9':'Developed Markets'}",,154.78,154.78,154.78,154.78,,1,FALSE,1,0,1,0.7427,792283683,91077054761,,0.0169665,0.0169748,178913130.2,164503470.3,179336571.8,165211975.6,168333155.8,155307946.1,161603386.1,149036498.7,4295884955,Airbus SE,COM,Business Organization,4295884955,Airbus SE,COM,Business Organization,8Z8JPAMN3,12/23/2024,744,12/5/2024,401225,50,502010,0.233616838,N,1,4.280513381,FALSE,,,,,4.280513381,0.008408712,0.008408712,0.1,1,54326.86297,FALSE,FALSE,FALSE,86
20241223,20241223,EUR,469678,PORSCHE AUTOMOBIL HLDG PREF,DE000PAH0038,7101069,EUR,40,4010,401010,40101020,DE,,,PSHG_p.DE,DE,,DE,DE,XETRA,DE,DE,"{'14':'Europe','15':'Eurozone','16':'Global (all)','17':'Global (developed)','2':'All Europe','23':'Eurozone Official','24':'Developed Market(Stoxx World)','35':'All Europe (Stoxx World)','36':'Western Europe (Stoxx World)','43':'European Union (Stoxx World)','44':'Eurozone (Stoxx World)','47':'Developed Market + K (Stoxx World)','9':'Developed Markets'}",XETR,35.76,35.76,35.76,35.76,,1,FALSE,1,0,1,1,153125000,5475750000,,0.0010093,0.0010206,31814796.02,29262842.94,31959517.44,29441336.58,34241658.1,31586862.08,37337114.82,34425934.31,4295869130,Porsche Automobil Holding SE,COM,Business Organization,4295869130,Porsche Automobil Holding SE,COM,Business Organization,5NVH3W696,12/23/2024,659,12/5/2024,469678,40,401010,0.233690668,N,1,4.279161031,FALSE,,,,,4.279161031,0.008406055,0.008406055,0.1,1,235068.6597,FALSE,FALSE,FALSE,87
20241223,20241223,EUR,EG7,VOLKSWAGEN PREF,DE0007664039,5497168,EUR,40,4010,401010,40101020,DE,,,VOWG_p.DE,DE,,DE,DE,XETRA,DE,DE,"{'14':'Europe','15':'Eurozone','16':'Global (all)','17':'Global (developed)','2':'All Europe','23':'Eurozone Official','24':'Developed Market(Stoxx World)','35':'All Europe (Stoxx World)','36':'Western Europe (Stoxx World)','43':'European Union (Stoxx World)','44':'Eurozone (Stoxx World)','47':'Developed Market + K (Stoxx World)','9':'Developed Markets'}",XETR,88.8,88.8,88.8,88.8,,1,FALSE,1,0,1,1,206205445,18311043516,,0.0033626,0.0034128,100277182.1,92051195.64,103521785.1,95215705.15,119135439.4,109823617.2,119367426.7,110014779.3,4295869244,Volkswagen AG,COM,Business Organization,4295869130,Porsche Automobil Holding SE,COM,Business Organization,V37KNKBG3,12/23/2024,605,12/5/2024,EG7,40,401010,0.234411084,N,1,4.266009882,FALSE,,,,,4.266009882,0.008380221,0.008380221,0.1,1,94371.85737,FALSE,FALSE,FALSE,88
20241223,20241223,EUR,416343,CAP GEMINI,FR0000125338,4163437,EUR,10,1010,101010,10101010,FR,,,CAPP.PA1,PA1,,FR,FR,,,FR,"{'14':'Europe','15':'Eurozone','16':'Global (all)','17':'Global (developed)','2':'All Europe','23':'Eurozone Official','24':'Developed Market(Stoxx World)','35':'All Europe (Stoxx World)','36':'Western Europe (Stoxx World)','43':'European Union (Stoxx World)','44':'Eurozone (Stoxx World)','47':'Developed Market + K (Stoxx World)','9':'Developed Markets'}",,155.25,155.25,155.25,155.25,,1,FALSE,1,0,1,1,172608113,26797409543,,0.005027,0.0049945,70473363.87,64866684.13,70437015.28,64884370.69,72396648.89,66802325.48,74176636.86,68419109.79,4298431423,Capgemini SE,COM,Business Organization,4298431423,Capgemini SE,COM,Business Organization,4MPLNS462,12/23/2024,763,12/5/2024,416343,10,101010,0.236880282,N,1,4.221541754,FALSE,,,,,4.221541754,0.008292867,0.008292867,0.1,1,53416.21257,FALSE,FALSE,FALSE,89
20241223,20241223,EUR,476837,SAINT GOBAIN,FR0000125007,7380482,EUR,50,5010,501010,50101035,FR,,,SGOB.PA1,PA1,,FR,FR,,,FR,"{'14':'Europe','15':'Eurozone','16':'Global (all)','17':'Global (developed)','2':'All Europe','23':'Eurozone Official','24':'Developed Market(Stoxx World)','35':'All Europe (Stoxx World)','36':'Western Europe (Stoxx World)','43':'European Union (Stoxx World)','44':'Eurozone (Stoxx World)','47':'Developed Market + K (Stoxx World)','9':'Developed Markets'}",,85.26,85.26,85.26,85.26,,1,FALSE,1,0,1,1,504005802,42971534679,,0.0080678,0.008009,88796360.14,81895276.11,84319064.24,77776038.15,81521200.03,75277451.71,78660441.47,72591967.73,4295867362,Compagnie de Saint Gobain SA,COM,Business Organization,4295867362,Compagnie de Saint Gobain SA,COM,Business Organization,UAK7P29Y4,12/23/2024,642,12/5/2024,476837,50,501010,0.238239056,N,1,4.197464586,FALSE,,,,,4.197464586,0.008245569,0.008245569,0.1,1,96710.87745,FALSE,FALSE,FALSE,90
20241223,20241223,EUR,EG063,BRENNTAG,DE000A1DAHH0,B4YVF56,EUR,55,5520,552010,55201000,DE,,,BNRGn.DE,DE,,DE,DE,XETRA,DE,DE,"{'14':'Europe','15':'Eurozone','16':'Global (all)','17':'Global (developed)','2':'All Europe','23':'Eurozone Official','24':'Developed Market(Stoxx World)','35':'All Europe (Stoxx World)','36':'Western Europe (Stoxx World)','43':'European Union (Stoxx World)','44':'Eurozone (Stoxx World)','47':'Developed Market + K (Stoxx World)','9':'Developed Markets'}",XETR,57.34,57.34,57.34,57.34,,1,FALSE,1,0,1,0.85,144385372,7037198646,,0.0013198,0.0013779,19454151.01,17908179.95,20978586.77,19323858.01,23732214.08,21897489.98,25298807.49,23327263.73,5059963032,Brenntag SE,COM,Business Organization,5059963032,Brenntag SE,COM,Business Organization,23VAQNR25,12/23/2024,810,12/5/2024,EG063,55,552010,0.238641964,N,1,4.190377842,FALSE,,,,,4.190377842,0.008231648,0.008231648,0.1,1,143558.5646,FALSE,FALSE,FALSE,91
20241223,20241223,EUR,462220,ORION B,FI0009014377,B17NY40,EUR,20,2010,201030,20103015,FI,,,ORNBV.HE,HE,,FI,FI,Nasdaq Nordic Helsinki,FI,FI,"{'14':'Europe','15':'Eurozone','16':'Global (all)','17':'Global (developed)','19':'Nordic','2':'All Europe','23':'Eurozone Official','24':'Developed Market(Stoxx World)','35':'All Europe (Stoxx World)','36':'Western Europe (Stoxx World)','38':'Nordic (Stoxx World)','43':'European Union (Stoxx World)','44':'Eurozone (Stoxx World)','47':'Developed Market + K (Stoxx World)','9':'Developed Markets'}",XHEL,42.78,42.78,42.78,42.78,,1,FALSE,1,0,1,1,108159969,4627083474,,0.00086,0.0008607,9956901.725,9137598.14,9698317.796,8912921.375,9551026.679,8799573.408,9915558.532,9134335.358,4295866566,Orion Oyj,COM,Business Organization,4295866566,Orion Oyj,COM,Business Organization,2AG6KM6N0,12/23/2024,663,12/5/2024,462220,20,201030,0.238756732,N,1,4.188363578,FALSE,,,,,4.188363578,0.008227691,0.008227691,0.1,1,192325.6485,FALSE,FALSE,FALSE,92
20241223,20241223,EUR,NL402E,IMCD,NL0010801007,BNCBD46,EUR,55,5520,552010,55201020,NL,,,IMCD.AS1,AS1,,NL,NL,,,NL,"{'14':'Europe','15':'Eurozone','16':'Global (all)','17':'Global (developed)','2':'All Europe','23':'Eurozone Official','24':'Developed Market(Stoxx World)','35':'All Europe (Stoxx World)','36':'Western Europe (Stoxx World)','43':'European Union (Stoxx World)','44':'Eurozone (Stoxx World)','47':'Developed Market + K (Stoxx World)','9':'Developed Markets'}",,140.55,140.55,140.55,140.55,,1,FALSE,1,0,1,1,59107999,8307629259,,0.0015415,0.0014928,14235668.58,13080936.11,13666672.46,12568532.51,15347703.67,14152992.19,15233778.14,14043122.84,5044200057,IMCD NV,COM,Business Organization,5044200057,IMCD NV,COM,Business Organization,Y9ZR32K81,12/23/2024,835,12/5/2024,NL402E,55,552010,0.238876619,N,1,4.186261532,FALSE,,,,,4.186261532,0.008223562,0.008223562,0.1,1,58509.86798,FALSE,FALSE,FALSE,93
20241223,20241223,EUR,491039,BUZZI,IT0001347308,5782206,EUR,50,5010,501010,50101030,IT,,,BZU.MI,MI,,IT,IT,Euronext Milan Electronic Share Market (prev. Borsa Italia MTA (Equities),IT,IT,"{'14':'Europe','15':'Eurozone','16':'Global (all)','17':'Global (developed)','2':'All Europe','23':'Eurozone Official','24':'Developed Market(Stoxx World)','35':'All Europe (Stoxx World)','36':'Western Europe (Stoxx World)','43':'European Union (Stoxx World)','44':'Eurozone (Stoxx World)','47':'Developed Market + K (Stoxx World)','9':'Developed Markets'}",MTAA,36.34,36.34,36.34,36.34,,1,FALSE,1,0,1,0.4106,192626154,2874214140,,0.000537,0.0005405,10280822.22,9508644.875,10621083.07,9801430.753,11044852.22,10202454.12,10132968.64,9356616.938,4295875751,Buzzi SpA,COM,Business Organization,4297744670,Fimedi SpA,COM,Business Organization,TP7MQ4185,12/23/2024,764,12/5/2024,491039,50,501010,0.23911975,N,1,4.182005034,FALSE,,,,,4.182005034,0.0082152,0.0082152,0.1,1,226064.9535,FALSE,FALSE,FALSE,94
20241223,20241223,EUR,ES502D,CELLNEX TELECOM,ES0105066007,BX90C05,EUR,15,1510,151020,15102015,ES,,,CLNX.MC,MC,,ES,ES,Madrid Stock Exchange,ES,ES,"{'14':'Europe','15':'Eurozone','16':'Global (all)','17':'Global (developed)','2':'All Europe','23':'Eurozone Official','24':'Developed Market(Stoxx World)','35':'All Europe (Stoxx World)','36':'Western Europe (Stoxx World)','43':'European Union (Stoxx World)','44':'Eurozone (Stoxx World)','47':'Developed Market + K (Stoxx World)','9':'Developed Markets'}",XMAD,30.3,30.3,30.3,30.3,,1,FALSE,1,0,1,0.6849,706475375,14661109025,,0.0027649,0.0027325,36106847.33,33209844.92,38663359.2,35596805.61,38492767.24,35494679.78,38454947.89,35453104.32,5043416261,Cellnex Telecom SA,COM,Business Organization,5043416261,Cellnex Telecom SA,COM,Business Organization,A4DM7UTX3,12/23/2024,841,12/5/2024,ES502D,15,151020,0.239187099,N,1,4.180827494,FALSE,,,,,4.180827494,0.008212887,0.008212887,0.1,1,271052.3838,FALSE,FALSE,FALSE,95
20241223,20241223,EUR,442990,HOCHTIEF,DE0006070006,5108664,EUR,50,5010,501010,50101010,DE,,,HOTG.DE,DE,,DE,DE,XETRA,DE,DE,"{'14':'Europe','15':'Eurozone','16':'Global (all)','17':'Global (developed)','2':'All Europe','23':'Eurozone Official','24':'Developed Market(Stoxx World)','35':'All Europe (Stoxx World)','36':'Western Europe (Stoxx World)','43':'European Union (Stoxx World)','44':'Eurozone (Stoxx World)','47':'Developed Market + K (Stoxx World)','9':'Developed Markets'}",XETR,127.7,127.7,127.7,127.7,,1,FALSE,1,0,1,0.2429,77711300,2410474748,,0.0004551,0.0004493,4154550.143,3827110.918,4854495.805,4472064.049,5340903.349,4929786.626,6229010.251,5742866.513,4295869084,Hochtief AG,COM,Business Organization,4295889547,ACS Actividades de Construccion y Servicios SA,COM,Business Organization,9TVH4KBF4,12/23/2024,701,12/5/2024,442990,50,501010,0.239767031,N,1,4.170715197,FALSE,,,,,4.170715197,0.008193022,0.008193022,0.1,1,64158.35918,FALSE,FALSE,FALSE,96
20241223,20241223,EUR,B164FY,ADP,FR0010340141,B164FY1,EUR,50,5020,502060,50206060,FR,,,ADP.PA1,PA1,,FR,FR,,,FR,"{'14':'Europe','15':'Eurozone','16':'Global (all)','17':'Global (developed)','2':'All Europe','23':'Eurozone Official','24':'Developed Market(Stoxx World)','35':'All Europe (Stoxx World)','36':'Western Europe (Stoxx World)','43':'European Union (Stoxx World)','44':'Eurozone (Stoxx World)','47':'Developed Market + K (Stoxx World)','9':'Developed Markets'}",,110.9,110.9,110.9,110.9,,1,FALSE,1,0,1,0.2298,98960602,2521993129,,0.0004717,0.00047,11871037.77,10901040.42,11184764.15,10291802.47,10839231.57,9992379.41,11424093.63,10530831.68,4295867266,Aeroports de Paris SA,COM,Business Organization,4296004552,"France, Republic of (Government)",GVT,Government,8RWNQ9MD9,12/23/2024,799,12/5/2024,B164FY,50,502060,0.240378575,N,1,4.160104538,FALSE,,,,,4.160104538,0.008172179,0.008172179,0.1,1,73689.61867,FALSE,FALSE,FALSE,97
20241223,20241223,EUR,DE80DC,KNORR BREMSE,DE000KBX1006,BD2P9X9,EUR,50,5020,502060,50206025,DE,,,KBX.DE,DE,,DE,DE,XETRA,DE,DE,"{'14':'Europe','15':'Eurozone','16':'Global (all)','17':'Global (developed)','2':'All Europe','23':'Eurozone Official','24':'Developed Market(Stoxx World)','35':'All Europe (Stoxx World)','36':'Western Europe (Stoxx World)','43':'European Union (Stoxx World)','44':'Eurozone (Stoxx World)','47':'Developed Market + K (Stoxx World)','9':'Developed Markets'}",XETR,69.05,69.05,69.05,69.05,,1,FALSE,1,0,1,0.4101,161200000,4564765686,,0.0008577,0.0008508,10002462.47,9178458.326,10515581.72,9674306.366,10883830.1,10033864.72,10512474.91,9689103.162,4295869167,Knorr Bremse AG,COM,Business Organization,4296078746,Stella Vermoegensverwaltungs GmbH,COM,Business Organization,X4JG31UP8,12/23/2024,872,12/5/2024,DE80DC,50,502060,0.240858975,N,1,4.151807084,FALSE,,,,,4.151807084,0.008155879,0.008155879,0.1,1,118115.5547,FALSE,FALSE,FALSE,98
20241223,20241223,EUR,IT509P,FERRARI,NL0011585146,BD6G507,EUR,40,4010,401010,40101020,IT,,,RACE.MI,MI,,NL,IT,Euronext Milan Electronic Share Market (prev. Borsa Italia MTA (Equities),IT,IT,"{'14':'Europe','15':'Eurozone','16':'Global (all)','17':'Global (developed)','2':'All Europe','23':'Eurozone Official','24':'Developed Market(Stoxx World)','35':'All Europe (Stoxx World)','36':'Western Europe (Stoxx World)','43':'European Union (Stoxx World)','44':'Eurozone (Stoxx World)','47':'Developed Market + K (Stoxx World)','9':'Developed Markets'}",MTAA,411.6,411.6,411.6,411.6,,1,FALSE,1,0,1,0.5974,193923499,47683818141,,0.0088599,0.00892,139063366.2,127618398,132485466.3,121675791.6,128219343.9,118036348.3,126086268.9,116084368.4,5048024162,Ferrari NV,COM,Business Organization,5048024162,Ferrari NV,COM,Business Organization,FW35QA133,12/23/2024,850,12/5/2024,IT509P,40,401010,0.241688564,N,1,4.137556126,FALSE,,,,,4.137556126,0.008127884,0.008127884,0.1,1,19747.04625,FALSE,FALSE,FALSE,99
20241223,20241223,EUR,480710,SIEMENS,DE0007236101,5727973,EUR,50,5020,502030,50203000,DE,,,SIEGn.DE,DE,,DE,DE,XETRA,DE,DE,"{'14':'Europe','15':'Eurozone','16':'Global (all)','17':'Global (developed)','2':'All Europe','23':'Eurozone Official','24':'Developed Market(Stoxx World)','35':'All Europe (Stoxx World)','36':'Western Europe (Stoxx World)','43':'European Union (Stoxx World)','44':'Eurozone (Stoxx World)','47':'Developed Market + K (Stoxx World)','9':'Developed Markets'}",XETR,189.26,189.26,189.26,189.26,,1,FALSE,1,0,1,0.94,800000000,1.42E+11,,0.0266253,0.026526,227192774.6,209091754.7,209602906.3,192971533.5,217785686.2,200834221.1,223720103.3,206234108.1,4295869238,Siemens AG,COM,Business Organization,4295869238,Siemens AG,COM,Business Organization,WWG4TAS23,12/23/2024,634,12/5/2024,480710,50,502030,0.242271882,N,1,4.127594139,FALSE,,,,,4.127594139,0.008108315,0.008108315,0.1,1,42842.19984,FALSE,FALSE,FALSE,100
