index_symbol,security_id,dj_id,name,isin,sedol,ric,currency,icb_sectorl1,icb_sectorl3,bbg_ticker,infocode,vol,vol_rank,geogra_area,was_in_prev_selection,is_selected,rejection_reason
SXLV1E,20293,453456,KPN,NL0000009082,5956078,KPN.AS,EUR,15,151020,KPN NA Equity,3159,0.131224627,1,NL,Y,Y,
SXLV1E,20513,407023,DANONE,FR0000120644,B1Y9TB3,DANO.PA,EUR,45,451020,BN FP Equity,46462,0.132616405,2,FR,Y,Y,
SXLV1E,20514,439155,GRP BRUXELLES LAMBERT,BE0003797140,7097328,GBLB.BR,EUR,30,302020,GBLB BB Equity,47081,0.140129061,3,BE,Y,Y,
SXLV1E,20311,556582,KLEPIERRE,FR0000121964,7582556,LOIM.PA,EUR,35,351020,LI FP Equity,41285,0.152114009,4,FR,Y,Y,
SXLV1E,21075,401632,ALLIANZ,DE0008404005,5231485,ALVG.DE,EUR,30,303020,ALV GY Equity,46597,0.153064065,5,DE,Y,Y,
SXLV1E,20437,442464,IBERDROLA,ES0144580Y14,B288C92,IBE.MC,EUR,65,651010,IBE SQ Equity,52457,0.154274053,6,ES,Y,Y,
SXLV1E,20731,702196,DEUTSCHE BOERSE,DE0005810055,7021963,DB1Gn.DE,EUR,30,302020,DB1 GY Equity,615,0.15492496,7,DE,Y,Y,
SXLV1E,20727,511938,DEUTSCHE TELEKOM,DE0005557508,5842359,DTEGn.DE,EUR,15,151020,DTE GY Equity,43614,0.157169125,8,DE,Y,Y,
SXLV1E,19669,B01BN5,TERNA,IT0003242622,B01BN57,TRN.MI,EUR,65,651010,TRN IM Equity,19069,0.158303226,9,IT,Y,Y,
SXLV1E,20579,517617,ORANGE,FR0000133308,5176177,ORAN.PA,EUR,15,151020,ORA FP Equity,43868,0.159739175,10,FR,Y,Y,
SXLV1E,21098,401140,AIR LIQUIDE,FR0000120073,B1YXBJ7,AIRP.PA,EUR,55,552010,AI FP Equity,46769,0.161406242,11,FR,Y,Y,
SXLV1E,21104,401093,AHOLD DELHAIZE,NL0011794037,BD0Q398,AD.AS,EUR,45,452010,AD NA Equity,46598,0.163214797,12,NL,Y,Y,
SXLV1E,20512,EF024,Getlink,FR0010533075,B292JQ9,GETP.PA,EUR,50,502060,GET FP Equity,137702,0.164355022,13,FR,Y,Y,
SXLV1E,19881,477319,SAMPO,FI4000552500,BMXX645,SAMPO.HE,EUR,30,303020,SAMPO FH Equity,40945,0.164618816,14,FI,Y,Y,
SXLV1E,20929,408930,BEIERSDORF,DE0005200000,5107401,BEIG.DE,EUR,45,452010,BEI GY Equity,46898,0.164672851,15,DE,Y,Y,
SXLV1E,20471,442031,HENKEL PREF,DE0006048432,5076705,HNKG_p.DE,EUR,40,402020,HEN3 GY Equity,39966,0.164683154,16,DE,Y,Y,
SXLV1E,19946,672716,Redeia Corporacion,ES0173093024,BD6FXN3,REDE.MC,EUR,65,651010,RED SQ Equity,36403,0.165091745,17,ES,Y,Y,
SXLV1E,19684,488082,TELEFONICA,ES0178430E18,5732524,TEF.MC,EUR,15,151020,TEF SQ Equity,46993,0.165108888,18,ES,Y,Y,
SXLV1E,20553,B0C2CQ,ENGIE,FR0010208488,B0C2CQ3,ENGIE.PA,EUR,65,651020,ENGI FP Equity,24677,0.165941257,19,FR,Y,Y,
SXLV1E,20584,400169,AGEAS,BE0974264930,B86S2N0,AGES.BR,EUR,30,303010,AGS BB Equity,46952,0.166875859,20,BE,Y,Y,
SXLV1E,19802,725147,SNAM RETE GAS,IT0003153415,7251470,SRG.MI,EUR,60,601010,SRG IM Equity,5486,0.167666682,21,IT,Y,Y,
SXLV1E,21024,405671,ASSICURAZIONI GENERALI,IT0000062072,4056719,GASI.MI,EUR,30,303020,G IM Equity,46777,0.169279801,22,IT,Y,Y,
SXLV1E,20653,579802,ENEL,IT0003128367,7144569,ENEI.MI,EUR,65,651010,ENEL IM Equity,13061,0.170030799,23,IT,Y,Y,
SXLV1E,21131,755087,ACKERMANS & VAN HAAREN,BE0003764785,5715774,ACKB.BR,EUR,50,501010,ACKB BB Equity,40280,0.171133034,24,BE,Y,Y,
SXLV1E,20950,B1GGWB,BCA GENERALI,IT0001031084,B1HKSV6,BGN.MI,EUR,30,301010,BGN IM Equity,33116,0.17145318,25,IT,Y,Y,
SXLV1E,39354,IT602J,POSTE ITALIANE,IT0003796171,BYYN701,PST.MI,EUR,30,302020,PST IM Equity,285954,0.173686176,26,IT,Y,Y,
SXLV1E,20650,443639,ENI,IT0003132476,7145056,ENI.MI,EUR,60,601010,ENI IM Equity,42118,0.174415986,27,IT,Y,Y,
SXLV1E,38201,IT506M,INWIT,IT0005090300,BZ0P4R4,INWT.MI,EUR,15,151020,INW IM Equity,283772,0.174823623,28,IT,Y,Y,
SXLV1E,19877,477518,SANOFI,FR0000120578,5671735,SASY.PA,EUR,20,201030,SAN FP Equity,48967,0.174856483,29,FR,Y,Y,
SXLV1E,37173,FR405F,EURONEXT,NL0006294274,BNBNSG0,ENX.PA,EUR,30,302020,ENX FP Equity,276619,0.176346617,30,FR,Y,Y,
SXLV1E,20552,458260,GEA GRP,DE0006602006,4557104,G1AG.DE,EUR,50,502040,G1A GY Equity,46903,0.177199338,31,DE,Y,Y,
SXLV1E,37225,NL403F,NN GROUP,NL0010773842,BNG8PQ9,NN.AS,EUR,30,303010,NN NA Equity,276844,0.179774909,32,NL,Y,Y,
SXLV1E,38159,ES504F,AENA SME,ES0105046009,BVRZ8L1,AENA.MC,EUR,50,502060,AENA SQ Equity,280859,0.180042548,33,ES,Y,Y,
SXLV1E,20430,445573,EXOR NV,NL0012059018,BMJ1825,EXOR.AS,EUR,30,302020,EXO NA Equity,356994,0.18028478,34,NL,Y,Y,
SXLV1E,20662,570151,ELISA CORPORATION,FI0009007884,5701513,ELISA.HE,EUR,15,151020,ELISA FH Equity,39832,0.180935532,35,FI,Y,Y,
SXLV1E,38685,DE50B7,SCOUT24,DE000A12DM80,BYT9340,G24n.DE,EUR,10,101010,G24 GY Equity,285526,0.181780083,36,DE,Y,Y,
SXLV1E,20890,411515,BOUYGUES,FR0000120503,4002121,BOUY.PA,EUR,50,501010,EN FP Equity,46783,0.183035108,37,FR,Y,Y,
SXLV1E,39820,IT607O,ITALGAS,IT0005211237,BD2Z8S7,IG.MI,EUR,65,651020,IG IM Equity,293572,0.18325504,38,IT,Y,Y,
SXLV1E,20900,457270,BOLLORE,FR0000039299,4572709,BOLL.PA,EUR,40,403010,BOL FP Equity,49142,0.18418888,39,FR,Y,Y,
SXLV1E,20321,049065,KERRY GRP,IE0004906560,4519579,KYGa.I,EUR,45,451020,KYGA ID Equity,45986,0.184436836,40,IE,Y,Y,
SXLV1E,20997,458887,AXA,FR0000120628,7088429,AXAF.PA,EUR,30,303020,CS FP Equity,47845,0.185429659,41,FR,Y,Y,
SXLV1E,19552,563828,VISCOFAN,ES0184262212,5638280,VIS.MC,EUR,45,451020,VIS SQ Equity,40226,0.185495796,42,ES,Y,Y,
SXLV1E,20301,449667,KONE B,FI0009013403,B09M9D2,KNEBV.HE,EUR,50,502040,KNEBV FH Equity,40973,0.186393073,43,FI,Y,Y,
SXLV1E,21129,533338,ACS,ES0167050915,B01FLQ6,ACS.MC,EUR,50,501010,ACS SQ Equity,35714,0.186587529,44,ES,Y,Y,
SXLV1E,19523,588171,WENDEL,FR0000121204,7390113,MWDP.PA,EUR,30,302020,MF FP Equity,46938,0.186953064,45,FR,Y,Y,
SXLV1E,19567,EF2,VEOLIA ENVIRONNEMENT,FR0000124141,4031879,VIE.PA,EUR,65,651020,VIE FP Equity,18407,0.187844882,46,FR,Y,Y,
SXLV1E,19637,490541,TOTALENERGIES,FR0000120271,B15C557,TTEF.PA,EUR,60,601010,TTE FP Equity,46433,0.188221229,47,FR,Y,Y,
SXLV1E,19715,B1JB4K,SYMRISE,DE000SYM9999,B1JB4K8,SY1G.DE,EUR,55,552010,SY1 GY Equity,33350,0.189165643,48,DE,Y,Y,
SXLV1E,39612,NL604I,ASR NEDERLAND NV,NL0011872643,BD9PNF2,ASRNL.AS,EUR,30,303020,ASRNL NA Equity,290541,0.189366077,49,NL,N,Y,
SXLV1E,20204,506088,BANCA MEDIOLANUM,IT0004776628,BYWP840,BMED.MI,EUR,30,302020,BMED IM Equity,42212,0.193336042,50,IT,Y,Y,
SXLV1E,19555,481808,VINCI,FR0000125486,B1XH026,SGEF.PA,EUR,50,501010,DG FP Equity,40916,0.193800542,51,FR,Y,Y,
SXLV1E,20469,759800,HERA,IT0001250932,7598003,HRA.MI,EUR,65,651020,HER IM Equity,12103,0.19399083,52,IT,Y,Y,
SXLV1E,20770,726261,CREDIT AGRICOLE,FR0000045072,7262610,CAGR.PA,EUR,30,301010,ACA FP Equity,5750,0.194407381,53,FR,Y,Y,
SXLV1E,20654,431536,ENDESA,ES0130670112,5271782,ELE.MC,EUR,65,651010,ELE SQ Equity,39906,0.194839173,54,ES,Y,Y,
SXLV1E,20804,B03851,FERROVIAL,NL0015001FS8,BRS7CF0,FER.MC,EUR,50,501010,FER SQ Equity,21506,0.194963355,55,ES,Y,Y,
SXLV1E,20634,430376,ESSILORLUXOTTICA,FR0000121667,7212477,ESLX.PA,EUR,20,201020,EL FP Equity,47801,0.195044748,56,FR,Y,Y,
SXLV1E,20575,582300,FREENET,DE000A0Z2ZZ5,B1SK0S6,FNTGn.DE,EUR,15,151020,FNTN GY Equity,13752,0.195746338,57,DE,Y,Y,
SXLV1E,20186,458836,MICHELIN,FR001400AJ45,BPBPJ01,MICP.PA,EUR,40,401010,ML FP Equity,46432,0.196668344,58,FR,Y,Y,
SXLV1E,21371,576920,ARCADIS,NL0006237562,5769209,ARDS.AS,EUR,50,501010,ARCAD NA Equity,22621,0.196702811,59,NL,Y,Y,
SXLV1E,19935,473322,REPSOL,ES0173516115,5669354,REP.MC,EUR,60,601010,REP SQ Equity,35378,0.19743636,60,ES,Y,Y,
SXLV1E,20695,492752,E.ON,DE000ENAG999,4942904,EONGn.DE,EUR,65,651020,EOAN GY Equity,46555,0.198399102,61,DE,Y,Y,
SXLV1E,19971,573282,QIAGEN,NL0015002CX3,BNXJZX2,QIA.DE,EUR,20,201020,QIA GY Equity,43634,0.198490563,62,DE,Y,Y,
SXLV1E,19510,497711,WOLTERS KLUWER,NL0000395903,5671519,WLSNc.AS,EUR,40,403010,WKL NA Equity,47693,0.1989723,63,NL,Y,Y,
SXLV1E,20863,B28DTJ,BUREAU VERITAS,FR0006174348,B28DTJ6,BVI.PA,EUR,50,502050,BVI FP Equity,139788,0.199622712,64,FR,Y,Y,
SXLV1E,31467,BE107X,AEDIFICA,BE0003851681,B1G5XP1,AOO.BR,EUR,35,351020,AED BB Equity,32869,0.2033258,65,BE,Y,Y,
SXLV1E,20220,538755,MAPFRE,ES0124244E34,B1G40S0,MAP.MC,EUR,30,303020,MAP SQ Equity,47266,0.203381135,66,ES,N,Y,
SXLV1E,20493,451180,HANNOVER RUECK,DE0008402215,4511809,HNRGn.DE,EUR,30,303020,HNR1 GY Equity,3498,0.204114761,67,DE,Y,Y,
SXLV1E,20325,449774,KBC GRP,BE0003565737,4497749,KBC.BR,EUR,30,301010,KBC BB Equity,46748,0.204606241,68,BE,Y,Y,
SXLV1E,20400,448816,ING GRP,NL0011821202,BZ57390,INGA.AS,EUR,30,301010,INGA NA Equity,35683,0.206960742,69,NL,Y,Y,
SXLV1E,19889,476776,SAFRAN,FR0000073272,B058TZ6,SAF.PA,EUR,50,502010,SAF FP Equity,46944,0.207591315,70,FR,Y,Y,
SXLV1E,35519,DE305Z,EVONIK INDUSTRIES,DE000EVNK013,B5ZQ9D3,EVKn.DE,EUR,55,552010,EVK GY Equity,266543,0.20783958,71,DE,Y,Y,
SXLV1E,20550,439180,GECINA,FR0010040865,7742468,GFCP.PA,EUR,35,351020,GFC FP Equity,47857,0.208271468,72,FR,Y,Y,
SXLV1E,20574,435209,FRESENIUS,DE0005785604,4352097,FREG.DE,EUR,20,201010,FRE GY Equity,23539,0.21002208,73,DE,Y,Y,
SXLV1E,27068,ES0017,AMADEUS IT GROUP,ES0109067019,B3MSM28,AMA.MC,EUR,10,101010,AMS SQ Equity,231012,0.210208923,74,ES,Y,Y,
SXLV1E,19979,470774,PUBLICIS GRP,FR0000130577,4380429,PUBP.PA,EUR,40,403010,PUB FP Equity,47847,0.210571059,75,FR,Y,Y,
SXLV1E,20124,478184,NORDEA BANK,FI4000297767,BFM0SV9,NDAFI.HE,EUR,30,301010,NDA FH Equity,15992,0.211136897,76,FI,Y,Y,
SXLV1E,20655,738307,ENAGAS,ES0130960018,7383072,ENAG.MC,EUR,60,601010,ENG SQ Equity,8863,0.211220954,77,ES,Y,Y,
SXLV1E,19595,491134,UNIBAIL-RODAMCO-WESTFIELD,FR0013326246,BF2PQ09,URW.PA,EUR,35,351020,URW FP Equity,47657,0.211460575,78,FR,N,Y,
SXLV1E,20093,465145,OMV,AT0000743059,4651459,OMVV.VI,EUR,60,601010,OMV AV Equity,40479,0.212013632,79,AT,Y,Y,
SXLV1E,41199,DE8087,SIEMENS HEALTHINEERS,DE000SHL1006,BD594Y4,SHLG.DE,EUR,20,201020,SHL GY Equity,304853,0.212394278,80,DE,Y,Y,
SXLV1E,21136,411232,ACCOR,FR0000120404,5852842,ACCP.PA,EUR,40,405010,AC FP Equity,46960,0.212669601,81,FR,Y,Y,
SXLV1E,20158,461075,MUENCHENER RUECK,DE0008430026,5294121,MUVGn.DE,EUR,30,303020,MUV2 GY Equity,46913,0.213568971,82,DE,Y,Y,
SXLV1E,20319,449000,KESKO,FI0009000202,4490005,KESKOB.HE,EUR,45,452010,KESKOB FH Equity,40968,0.213822818,83,FI,N,Y,
SXLV1E,20674,936469,EIFFAGE,FR0000130452,B13X013,FOUG.PA,EUR,50,501010,FGR FP Equity,47797,0.21396053,84,FR,Y,Y,
SXLV1E,21146,549913,A2A,IT0001233417,5499131,A2.MI,EUR,65,651010,A2A IM Equity,38079,0.214151492,85,IT,Y,Y,
SXLV1E,19539,465975,VOPAK,NL0009432491,5809428,VOPA.AS,EUR,50,502060,VPK NA Equity,13568,0.214368649,86,NL,Y,Y,
SXLV1E,21054,475531,ANHEUSER-BUSCH INBEV,BE0974293251,BYYHL23,ABI.BR,EUR,45,451010,ABI BB Equity,18493,0.214644482,87,BE,Y,Y,
SXLV1E,20205,457481,MEDIOBANCA,IT0000062957,4574813,MDBI.MI,EUR,30,302020,MB IM Equity,46620,0.21560772,88,IT,Y,Y,
SXLV1E,20383,407683,INTESA SANPAOLO,IT0000072618,4076836,ISP.MI,EUR,30,301010,ISP IM Equity,46972,0.218876612,89,IT,Y,Y,
SXLV1E,43437,FR90GV,LA FRANCAISE DES JEUX,FR0013451333,BG0SC10,FDJ.PA,EUR,40,405010,FDJ FP Equity,320804,0.219453584,90,FR,N,Y,
SXLV1E,19874,476361,SAP,DE0007164600,4846288,SAPG.DE,EUR,10,101010,SAP GY Equity,41204,0.220278256,91,DE,N,Y,
SXLV1E,19792,482030,SOFINA,BE0003717312,4820301,SOF.BR,EUR,30,302020,SOF BB Equity,46078,0.221690525,92,BE,N,Y,
SXLV1E,20480,441920,HEINEKEN HLDG,NL0000008977,B0CCH46,HEIO.AS,EUR,45,451010,HEIO NA Equity,47028,0.221869331,93,NL,Y,Y,
SXLV1E,20910,B01MJR,BIOMERIEUX,FR0013280286,BF0LBX7,BIOX.PA,EUR,20,201020,BIM FP Equity,19285,0.22273343,94,FR,N,Y,
SXLV1E,50915,FI31QR,Mandatum,FI4000552526,BRX9C06,MANTA.HE,EUR,30,302020,MANTA FH Equity,367247,0.222814166,95,FI,N,Y,
SXLV1E,20283,453478,L'OREAL,FR0000120321,4057808,OREP.PA,EUR,40,402040,OR FP Equity,46779,0.222870575,96,FR,N,Y,
SXLV1E,20299,424910,DSM FIRMENICH AG,CH1216478797,BPCPSD6,DSFIR.AS,EUR,45,451020,DSFIR NA Equity,363496,0.222997462,97,NL,N,Y,
SXLV1E,20729,461785,DEUTSCHE POST,DE0005552004,4617859,DHLn.DE,EUR,50,502060,DHL GY Equity,14525,0.225441204,98,DE,Y,Y,
SXLV1E,20409,711131,Industria de Diseno Textil SA,ES0148396007,BP9DL90,ITX.MC,EUR,40,404010,ITX SQ Equity,1701,0.226091915,99,ES,Y,Y,
SXLV1E,31465,BE105V,WDP,BE0974349814,BK8VQD9,WDPP.BR,EUR,35,351020,WDP BB Equity,36389,0.226777422,100,BE,Y,Y,
SXLV1E,41946,DE80DC,KNORR BREMSE,DE000KBX1006,BD2P9X9,KBX.DE,EUR,50,502060,KBX GY Equity,309190,0.226823167,101,DE,N,N,Not in top 100
SXLV1E,19947,705339,RECORDATI,IT0003828271,B07DRZ5,RECI.MI,EUR,20,201030,REC IM Equity,46773,0.227079668,102,IT,Y,N,Not in top 100
SXLV1E,19794,481830,SODEXO,FR0000121220,7062713,EXHO.PA,EUR,40,405010,SW FP Equity,49070,0.228638065,103,FR,Y,N,Not in top 100
SXLV1E,20904,413366,BNP PARIBAS,FR0000131104,7309681,BNPP.PA,EUR,30,301010,BNP FP Equity,24119,0.228691494,104,FR,N,N,Not in top 100
SXLV1E,19582,505125,UPM KYMMENE,FI0009005987,5051252,UPM.HE,EUR,55,551010,UPM FH Equity,35722,0.228794366,105,FI,N,N,Not in top 100
SXLV1E,20446,444747,HUHTAMAKI,FI0009000459,4447476,HUH1V.HE,EUR,50,502030,HUH1V FH Equity,40861,0.22909548,106,FI,N,N,Not in top 100
SXLV1E,20370,B0R7JF,IPSEN,FR0010259150,B0R7JF1,IPN.PA,EUR,20,201030,IPN FP Equity,28250,0.229249598,107,FR,N,N,Not in top 100
SXLV1E,38713,FR509K,AMUNDI,FR0004125920,BYZR014,AMUN.PA,EUR,30,302020,AMUN FP Equity,286269,0.229346501,108,FR,N,N,Not in top 100
SXLV1E,34931,DE2081,TALANX,DE000TLX1005,B8F0TD6,TLXGn.DE,EUR,30,303020,TLX GY Equity,263318,0.229430575,109,DE,Y,N,Not in top 100
SXLV1E,20004,469678,PORSCHE AUTOMOBIL HLDG PREF,DE000PAH0038,7101069,PSHG_p.DE,EUR,40,401010,PAH3 GY Equity,48174,0.229554431,110,DE,N,N,Not in top 100
SXLV1E,20788,143451,COFINIMMO,BE0003593044,4177988,COFB.BR,EUR,35,351020,COFB BB Equity,3532,0.229673937,111,BE,N,N,Not in top 100
SXLV1E,39983,BE601W,LOTUS BAKERIES,BE0003604155,4224992,LOTB.BR,EUR,45,451020,LOTB BB Equity,35499,0.229830433,112,BE,N,N,Not in top 100
SXLV1E,37214,IT404J,FINECOBANK,IT0000072170,BNGN9Z1,FBK.MI,EUR,30,301010,FBK IM Equity,276875,0.2304397,113,IT,N,N,Not in top 100
SXLV1E,20994,B019M6,AZIMUT HLDG,IT0003261697,B019M65,AZMT.MI,EUR,30,302020,AZM IM Equity,19312,0.231442932,114,IT,N,N,Not in top 100
SXLV1E,20568,435435,FUCHS PREF,DE000A3E5D64,BNHRG84,FPE3_p.DE,EUR,55,552010,FPE3 GY Equity,46563,0.232153899,115,DE,Y,N,Not in top 100
SXLV1E,20461,442990,HOCHTIEF,DE0006070006,5108664,HOTG.DE,EUR,50,501010,HOT GY Equity,46882,0.232921527,116,DE,N,N,Not in top 100
SXLV1E,20839,417754,CARREFOUR,FR0000120172,5641567,CARR.PA,EUR,45,452010,CA FP Equity,46674,0.233235828,117,FR,N,N,Not in top 100
SXLV1E,39589,NL602G,ABN AMRO BANK,NL0011540547,BYQP136,ABNd.AS,EUR,30,301010,ABN NA Equity,286476,0.234301974,118,NL,N,N,Not in top 100
SXLV1E,20197,474184,MERCK,DE0006599905,4741844,MRCG.DE,EUR,20,201030,MRK GY Equity,22622,0.234554268,119,DE,N,N,Not in top 100
SXLV1E,20968,407141,BANKINTER,ES0113679I37,5474008,BKT.MC,EUR,30,301010,BKT SQ Equity,40446,0.23463342,120,ES,N,N,Not in top 100
SXLV1E,20481,441930,HEINEKEN,NL0000009165,7792559,HEIN.AS,EUR,45,451010,HEIA NA Equity,46164,0.234683621,121,NL,Y,N,Not in top 100
SXLV1E,20693,401225,AIRBUS,NL0000235190,4012250,AIR.PA,EUR,50,502010,AIR FP Equity,18393,0.235120703,122,FR,N,N,Not in top 100
SXLV1E,20050,468232,PERNOD RICARD,FR0000120693,4682329,PERP.PA,EUR,45,451010,RI FP Equity,46786,0.236446034,123,FR,N,N,Not in top 100
SXLV1E,21088,401190,AKZO NOBEL,NL0013267909,BJ2KSG2,AKZO.AS,EUR,55,552010,AKZA NA Equity,46444,0.23674026,124,NL,Y,N,Not in top 100
SXLV1E,19589,505136,UNIPOL ASSICURAZIONI,IT0004810054,B7SF135,UNPI.MI,EUR,30,303020,UNI IM Equity,35474,0.237146384,125,IT,N,N,Not in top 100
SXLV1E,21115,400609,AEGON,BMG0112X1056,BPH0Y27,AEGN.AS,EUR,30,303010,AGN NA Equity,46731,0.23792448,126,NL,Y,N,Not in top 100
SXLV1E,20159,B09DHL,MTU AERO ENGINES,DE000A0D9PT0,B09DHL9,MTXGn.DE,EUR,50,502010,MTX GY Equity,24347,0.238268296,127,DE,Y,N,Not in top 100
SXLV1E,20083,462220,ORION B,FI0009014377,B17NY40,ORNBV.HE,EUR,20,201030,ORNBV FH Equity,23754,0.239081472,128,FI,N,N,Not in top 100
SXLV1E,20742,533004,DASSAULT SYSTEMS,FR0014003TT8,BM8H5Y5,DAST.PA,EUR,10,101010,DSY FP Equity,42230,0.240092464,129,FR,N,N,Not in top 100
SXLV1E,19606,491062,UCB,BE0003739530,5596991,UCB.BR,EUR,20,201030,UCB BB Equity,46601,0.241362925,130,BE,N,N,Not in top 100
SXLV1E,40531,AT701B,BAWAG GROUP AG,AT0000BAWAG2,BZ1GZ06,BAWG.VI,EUR,30,301010,BG AV Equity,301339,0.242461157,131,AT,N,N,Not in top 100
SXLV1E,38187,FR504F,SPIE,FR0012757854,BYZFYS3,SPIE.PA,EUR,50,501010,SPIE FP Equity,283502,0.242747314,132,FR,N,N,Not in top 100
SXLV1E,20591,774563,COVIVIO,FR0000064578,7745638,CVO.PA,EUR,35,351020,COV FP Equity,40926,0.243727472,133,FR,N,N,Not in top 100
SXLV1E,20582,557955,FORTUM,FI0009007132,5579550,FORTUM.HE,EUR,65,651010,FORTUM FH Equity,38473,0.243766476,134,FI,N,N,Not in top 100
SXLV1E,19885,476837,SAINT GOBAIN,FR0000125007,7380482,SGOB.PA,EUR,50,501010,SGO FP Equity,40174,0.243793132,135,FR,N,N,Not in top 100
SXLV1E,20749,425240,MERCEDES-BENZ GROUP,DE0007100000,5529027,MBGn.DE,EUR,40,401010,MBG GY Equity,38368,0.244226717,136,DE,N,N,Not in top 100
SXLV1E,19671,753851,TENARIS,LU2598331598,BMHVLR3,TENR.MI,EUR,60,601010,TEN IM Equity,10797,0.244383545,137,IT,N,N,Not in top 100
SXLV1E,19543,EG7,VOLKSWAGEN PREF,DE0007664039,5497168,VOWG_p.DE,EUR,40,401010,VOW3 GY Equity,40124,0.244801558,138,DE,N,N,Not in top 100
SXLV1E,20724,B234WN,DIASORIN,IT0003492391,B234WN9,DIAS.MI,EUR,20,201020,DIA IM Equity,138063,0.245143607,139,IT,N,N,Not in top 100
SXLV1E,37367,ES406G,VIDRALA,ES0183746314,5466726,VID.MC,EUR,50,502030,VID SQ Equity,41261,0.245557601,140,ES,N,N,Not in top 100
SXLV1E,20636,528983,ERSTE GROUP BANK,AT0000652011,5289837,ERST.VI,EUR,30,301010,EBS AV Equity,45455,0.246265399,141,AT,Y,N,Not in top 100
SXLV1E,37203,ES403D,MERLIN PROPERTIES SOCIMI,ES0105025003,BNGNB77,MRL.MC,EUR,35,351020,MRL SQ Equity,276824,0.24735665,142,ES,N,N,Not in top 100
SXLV1E,21121,B164FY,ADP,FR0010340141,B164FY1,ADP.PA,EUR,50,502060,ADP FP Equity,31173,0.24809762,143,FR,N,N,Not in top 100
SXLV1E,19961,472370,RANDSTAD,NL0000379121,5228658,RAND.AS,EUR,50,502050,RAND NA Equity,35518,0.248517858,144,NL,N,N,Not in top 100
SXLV1E,20630,432154,EURAZEO,FR0000121121,7042395,EURA.PA,EUR,30,302020,RF FP Equity,46767,0.24901978,145,FR,N,N,Not in top 100
SXLV1E,39039,IT509P,FERRARI,NL0011585146,BD6G507,RACE.MI,EUR,40,401010,RACE IM Equity,287233,0.249584653,146,IT,N,N,Not in top 100
SXLV1E,19900,473550,RWE,DE0007037129,4768962,RWEG.DE,EUR,65,651020,RWE GY Equity,46088,0.249729132,147,DE,N,N,Not in top 100
SXLV1E,21057,714131,ANDRITZ,AT0000730007,B1WVF68,ANDR.VI,EUR,50,502040,ANDR AV Equity,7283,0.249938963,148,AT,N,N,Not in top 100
SXLV1E,37212,NL402E,IMCD,NL0010801007,BNCBD46,IMCD.AS,EUR,55,552010,IMCD NA Equity,276756,0.250247423,149,NL,N,N,Not in top 100
SXLV1E,31996,DE1080,RATIONAL,DE0007010803,5910609,RAAG.DE,EUR,50,502020,RAA GY Equity,17798,0.25091081,150,DE,N,N,Not in top 100
SXLV1E,20484,441870,HEIDELBERG MATERIALS,DE0006047004,5120679,HEIG.DE,EUR,50,501010,HEI GY Equity,46879,0.251070603,151,DE,N,N,Not in top 100
SXLV1E,20467,441842,HERMES INTERNATIONAL,FR0000052292,5253973,HRMS.PA,EUR,40,402040,RMS FP Equity,23954,0.251393169,152,FR,N,N,Not in top 100
SXLV1E,19654,487563,TIETOEVRY,FI0009000277,5479702,TIETO.HE,EUR,10,101010,TIETO FH Equity,39991,0.252541433,153,FI,N,N,Not in top 100
SXLV1E,19565,466160,VERBUND,AT0000746409,4661607,VERB.VI,EUR,65,651010,VER AV Equity,41597,0.253297322,154,AT,N,N,Not in top 100
SXLV1E,20556,417986,Naturgy Energy Group,ES0116870314,5650422,NTGY.MC,EUR,65,651020,NTGY SQ Equity,46997,0.254884626,155,ES,N,N,Not in top 100
SXLV1E,20265,B11ZRK,LEGRAND,FR0010307819,B11ZRK9,LEGD.PA,EUR,50,502020,LR FP Equity,29777,0.255002031,156,FR,Y,N,Not in top 100
SXLV1E,19660,416279,THALES,FR0000121329,4162791,TCFP.PA,EUR,50,502010,HO FP Equity,46787,0.255138462,157,FR,N,N,Not in top 100
SXLV1E,20682,524918,EDP ENERGIAS DE PORTUGAL,PTEDP0AM0009,4103596,EDP.LS,EUR,65,651010,EDP PL Equity,43920,0.25528207,158,PT,N,N,Not in top 100
SXLV1E,20960,408348,BASF,DE000BASF111,5086577,BASFn.DE,EUR,55,552010,BAS GY Equity,46161,0.255288627,159,DE,N,N,Not in top 100
SXLV1E,40314,IT703L,REPLY,IT0005282865,BZ1DZ96,REY.MI,EUR,10,101010,REY IM Equity,7367,0.255763056,160,IT,N,N,Not in top 100
SXLV1E,38055,ES502D,CELLNEX TELECOM,ES0105066007,BX90C05,CLNX.MC,EUR,15,151020,CLNX SQ Equity,282470,0.256157867,161,ES,N,N,Not in top 100
SXLV1E,20128,463841,NOKIA,FI0009000681,5902941,NOKIA.HE,EUR,15,151010,NOKIA FH Equity,40062,0.256726981,162,FI,N,N,Not in top 100
SXLV1E,40504,DE7086,BECHTLE,DE0005158703,5932409,BC8G.DE,EUR,10,101010,BC8 GY Equity,18798,0.257048527,163,DE,N,N,Not in top 100
SXLV1E,38650,FR506H,DASSAULT AVIATION,FR0014004L86,BMT9L19,AM.PA,EUR,50,502010,AM FP Equity,47814,0.257415807,164,FR,N,N,Not in top 100
SXLV1E,19824,480710,SIEMENS,DE0007236101,5727973,SIEGn.DE,EUR,50,502030,SIE GY Equity,46089,0.258566969,165,DE,N,N,Not in top 100
SXLV1E,20848,416343,CAP GEMINI,FR0000125338,4163437,CAPP.PA,EUR,10,101010,CAP FP Equity,39919,0.26032119,166,FR,N,N,Not in top 100
SXLV1E,21423,EG063,BRENNTAG,DE000A1DAHH0,B4YVF56,BNRGn.DE,EUR,55,552010,BNR GY Equity,230128,0.26069113,167,DE,N,N,Not in top 100
SXLV1E,20861,491039,BUZZI,IT0001347308,5782206,BZU.MI,EUR,50,501010,BZU IM Equity,47723,0.262959988,168,IT,N,N,Not in top 100
SXLV1E,21123,403197,ADIDAS,DE000A1EWWW0,4031976,ADSGn.DE,EUR,40,402040,ADS GY Equity,42101,0.264339203,169,DE,N,N,Not in top 100
SXLV1E,53991,NL404G,CVC CAPITAL PARTNERS,JE00BRX98089,BRX9808,CVC.AS,EUR,30,302020,CVC NA Equity,372313,0.268177465,170,NL,N,N,Not in top 100
SXLV1E,20813,419454,CHRISTIAN DIOR,FR0000130403,4061393,DIOR.PA,EUR,40,402040,CDI FP Equity,35713,0.271167383,171,FR,N,N,Not in top 100
SXLV1E,31620,IT101D,AMPLIFON,IT0004056880,B14NJ71,AMPF.MI,EUR,20,201020,AMP IM Equity,9408,0.271424311,172,IT,N,N,Not in top 100
SXLV1E,20933,407228,BCO SANTANDER,ES0113900J37,5705946,SAN.MC,EUR,30,301010,SAN SQ Equity,39969,0.271446953,173,ES,N,N,Not in top 100
SXLV1E,20936,737826,BANCO BPM,IT0005218380,BYMD5K9,BAMI.MI,EUR,30,301010,BAMI IM Equity,37913,0.273470062,174,IT,N,N,Not in top 100
SXLV1E,21074,001978,AIB GROUP,IE00BF0L3536,BF0L353,AIBG.I,EUR,30,301010,AIBG ID Equity,46128,0.273818978,175,IE,N,N,Not in top 100
SXLV1E,20764,EE009,CAIXABANK,ES0140609019,B283W97,CABK.MC,EUR,30,301010,CABK SQ Equity,139526,0.274191391,176,ES,N,N,Not in top 100
SXLV1E,19594,423244,UNICREDIT,IT0005239360,BYMXPS7,CRDI.MI,EUR,30,301010,UCG IM Equity,46966,0.275579862,177,IT,N,N,Not in top 100
SXLV1E,43404,NL901I,Prosus,NL0013654783,BJDS7L3,PRX.AS,EUR,10,101010,PRX NA Equity,319205,0.278111892,178,NL,N,N,Not in top 100
SXLV1E,19939,471279,RENAULT,FR0000131906,4712798,RENA.PA,EUR,40,401010,RNO FP Equity,3496,0.278547893,179,FR,N,N,Not in top 100
SXLV1E,20235,454005,LVMH MOET HENNESSY,FR0000121014,4061412,LVMH.PA,EUR,40,402040,MC FP Equity,46600,0.279013187,180,FR,N,N,Not in top 100
SXLV1E,20244,453770,LUFTHANSA,DE0008232125,5287488,LHAG.DE,EUR,40,405010,LHA GY Equity,46921,0.27987658,181,DE,N,N,Not in top 100
SXLV1E,19743,507267,STORA ENSO R,FI0009005961,5072673,STERV.HE,EUR,55,551010,STERV FH Equity,40969,0.281864149,182,FI,N,N,Not in top 100
SXLV1E,21041,B0Z5YZ,ARKEMA,FR0010313833,B0Z5YZ2,AKE.PA,EUR,55,552010,AKE FP Equity,30131,0.281940449,183,FR,N,N,Not in top 100
SXLV1E,20313,449123,KINGSPAN GRP,IE0004927939,4491235,KSP.I,EUR,50,501010,KSP ID Equity,48553,0.28437874,184,IE,N,N,Not in top 100
SXLV1E,20603,B0BN7W,FINANCIERE DE TUBIZE,BE0003823409,B0BN7W8,TUB.BR,EUR,20,201030,TUB BB Equity,47654,0.2846454,185,BE,N,N,Not in top 100
SXLV1E,19864,916775,SBM OFFSHORE,NL0000360618,B156T57,SBMO.AS,EUR,60,601010,SBMO NA Equity,46606,0.285413499,186,NL,N,N,Not in top 100
SXLV1E,20337,576162,K + S,DE000KSAG888,B54C017,SDFGn.DE,EUR,55,552010,SDF GY Equity,46891,0.286265401,187,DE,N,N,Not in top 100
SXLV1E,21145,513962,AALBERTS,NL0000852564,B1W8P14,AALB.AS,EUR,50,502020,AALB NA Equity,40235,0.286886998,188,NL,N,N,Not in top 100
SXLV1E,19848,479213,SEB,FR0000121709,4792132,SEBF.PA,EUR,40,402020,SK FP Equity,47788,0.286903092,189,FR,N,N,Not in top 100
SXLV1E,40945,DE8054,NEMETSCHEK,DE0006452907,5633962,NEKG.DE,EUR,10,101010,NEM GY Equity,39546,0.287258429,190,DE,N,N,Not in top 100
SXLV1E,35236,DE301V,LEG IMMOBILIEN,DE000LEG1110,B9G6L89,LEGn.DE,EUR,35,351010,LEG GY Equity,265412,0.288394894,191,DE,N,N,Not in top 100
SXLV1E,34258,IT201E,BRUNELLO CUCINELLI,IT0004764699,B7K6D18,BCU.MI,EUR,40,402040,BC IM Equity,261065,0.288908678,192,IT,N,N,Not in top 100
SXLV1E,20733,426724,DEUTSCHE BANK,DE0005140008,5750355,DBKGn.DE,EUR,30,301010,DBK GY Equity,46173,0.289391673,193,DE,N,N,Not in top 100
SXLV1E,37022,IT402H,MONCLER,IT0004965148,BGLP232,MONC.MI,EUR,40,402040,MONC IM Equity,270143,0.290432354,194,IT,N,N,Not in top 100
SXLV1E,19546,494340,VOESTALPINE,AT0000937503,4943402,VOES.VI,EUR,55,551020,VOE AV Equity,22867,0.290663773,195,AT,N,N,Not in top 100
SXLV1E,20944,550190,BCO BILBAO VIZCAYA ARGENTARIA,ES0113211835,5501906,BBVA.MC,EUR,30,301010,BBVA SQ Equity,41580,0.290737764,196,ES,N,N,Not in top 100
SXLV1E,36784,FR402C,GAZTRANSPORT ET TECHNIGAZ,FR0011726835,BJYRDP5,GTT.PA,EUR,60,601010,GTT FP Equity,274173,0.290853653,197,FR,N,N,Not in top 100
SXLV1E,20560,B1FW75,GALP ENERGIA,PTGAL0AM0009,B1FW751,GALP.LS,EUR,60,601010,GALP PL Equity,32860,0.290996404,198,PT,N,N,Not in top 100
SXLV1E,31546,DE104W,CTS EVENTIM,DE0005470306,5881857,EVDG.DE,EUR,40,403010,EVD GY Equity,15961,0.291700868,199,DE,N,N,Not in top 100
SXLV1E,19858,483410,SCHNEIDER ELECTRIC,FR0000121972,4834108,SCHN.PA,EUR,50,502020,SU FP Equity,49149,0.292520137,200,FR,N,N,Not in top 100
SXLV1E,20664,B09M9F,ELIA GROUP,BE0003822393,B09M9F4,ELI.BR,EUR,65,651010,ELI BB Equity,24638,0.292834868,201,BE,N,N,Not in top 100
SXLV1E,20906,408522,BMW,DE0005190003,5756029,BMWG.DE,EUR,40,401010,BMW GY Equity,46785,0.293353279,202,DE,N,N,Not in top 100
SXLV1E,19518,496960,WIENERBERGER,AT0000831706,5699373,WBSV.VI,EUR,50,501010,WIE AV Equity,52443,0.294022507,203,AT,N,N,Not in top 100
SXLV1E,44744,NL103C,INPOST,LU2290522684,BN4N9C0,INPST.AS,EUR,50,502060,INPST NA Equity,334711,0.29436774,204,NL,N,N,Not in top 100
SXLV1E,21043,529525,ARCELORMITTAL,LU1598757687,BYPBS67,MT.AS,EUR,55,551020,MT NA Equity,45860,0.294598604,205,LU,N,N,Not in top 100
SXLV1E,35876,DE3082,Vonovia SE,DE000A1ML7J1,BBJPFY1,VNAn.DE,EUR,35,351010,VNA GY Equity,267723,0.296802725,206,DE,N,N,Not in top 100
SXLV1E,20934,709538,BCO SABADELL,ES0113860A34,B1X8QN2,SABE.MC,EUR,30,301010,SAB SQ Equity,9368,0.300196936,207,ES,N,N,Not in top 100
SXLV1E,20573,512907,FRESENIUS MEDICAL CARE,DE0005785802,5129074,FMEG.DE,EUR,20,201010,FME GY Equity,43596,0.300381676,208,DE,N,N,Not in top 100
SXLV1E,19574,492644,VALLOUREC,FR0013506730,BLGWF90,VLLP.PA,EUR,60,601010,VK FP Equity,46943,0.300514243,209,FR,N,N,Not in top 100
SXLV1E,20324,451361,KEMIRA,FI0009004824,4513612,KEMIRA.HE,EUR,55,552010,KEMIRA FH Equity,3466,0.301867632,210,FI,N,N,Not in top 100
SXLV1E,34917,DE2070,TAG IMMOBILIEN AG,DE0008303504,5735631,TEGG.DE,EUR,35,351010,TEG GY Equity,41091,0.301893559,211,DE,N,N,Not in top 100
SXLV1E,37940,FR502D,ELIS,FR0012435121,BVSS790,ELIS.PA,EUR,50,502050,ELIS FP Equity,280832,0.302177714,212,FR,N,N,Not in top 100
SXLV1E,44775,NL106F,ALLFUNDS GROUP,GB00BNTJ3546,BNTJ354,ALLFG.AS,EUR,30,302010,ALLFG NA Equity,338731,0.304043707,213,NL,N,N,Not in top 100
SXLV1E,19932,B1VP0K,REXEL,FR0010451203,B1VP0K0,RXL.PA,EUR,50,502020,RXL FP Equity,73392,0.304049164,214,FR,N,N,Not in top 100
SXLV1E,20508,423932,ACCIONA S.A.,ES0125220311,5579107,ANA.MC,EUR,50,501010,ANA SQ Equity,40130,0.305395754,215,ES,N,N,Not in top 100
SXLV1E,20075,B1FN8X,METSO,FI0009014575,B1FN8X9,METSO.HE,EUR,50,502040,METSO FH Equity,32732,0.30599383,216,FI,N,N,Not in top 100
SXLV1E,42352,IT90BV,NEXI SPA,IT0005366767,BJ1F880,NEXII.MI,EUR,50,502050,NEXI IM Equity,316208,0.306023858,217,IT,N,N,Not in top 100
SXLV1E,20300,866457,KONECRANES,FI0009005870,B11WFP1,KCRA.HE,EUR,50,502060,KCR FH Equity,42175,0.306935039,218,FI,N,N,Not in top 100
SXLV1E,44101,NL002A,JDE PEET S,NL0014332678,BMC4ZZ3,JDEP.AS,EUR,45,451010,JDEP NA Equity,326227,0.307056847,219,NL,N,N,Not in top 100
SXLV1E,20942,407026,BCO COMERCIAL PORTUGUES,PTBCP0AM0015,BZCNN35,BCP.LS,EUR,30,301010,BCP PL Equity,40416,0.309146818,220,PT,N,N,Not in top 100
SXLV1E,20782,421342,COMMERZBANK,DE000CBK1001,B90LKT4,CBKG.DE,EUR,30,301010,CBK GY Equity,46087,0.309429409,221,DE,N,N,Not in top 100
SXLV1E,20350,447723,JERONIMO MARTINS,PTJMT0AE0001,B1Y1SQ7,JMT.LS,EUR,45,452010,JMT PL Equity,35414,0.309950435,222,PT,N,N,Not in top 100
SXLV1E,48092,DE20C5,DR ING HC F PORSCHE PREF.,DE000PAG9113,BJN59B8,P911_p.DE,EUR,40,401010,P911 GY Equity,358078,0.31231489,223,DE,N,N,Not in top 100
SXLV1E,20511,481775,GRP SOCIETE GENERALE,FR0000130809,5966516,SOGN.PA,EUR,30,301010,GLE FP Equity,40314,0.31246239,224,FR,N,N,Not in top 100
SXLV1E,21280,411522,BCA POPOLARE DI SONDRIO,IT0000784196,4115223,BPSI.MI,EUR,30,301010,BPSO IM Equity,3309,0.315301098,225,IT,N,N,Not in top 100
SXLV1E,19529,452518,WARTSILA,FI0009003727,4525189,WRT1V.HE,EUR,50,502040,WRT1V FH Equity,40976,0.316323533,226,FI,N,N,Not in top 100
SXLV1E,39604,NL603H,SIGNIFY,NL0011821392,BYY7VY5,LIGHT.AS,EUR,50,501010,LIGHT NA Equity,290292,0.317081927,227,NL,N,N,Not in top 100
SXLV1E,31621,IT102E,INTERPUMP GRP,IT0001078911,5161407,ITPG.MI,EUR,50,502040,IP IM Equity,43806,0.317673618,228,IT,N,N,Not in top 100
SXLV1E,20974,007560,BANK OF IRELAND GROUP,IE00BD1RP616,BD1RP61,BIRG.I,EUR,30,301010,BIRG ID Equity,46245,0.317747621,229,IE,N,N,Not in top 100
SXLV1E,40942,BE8041,ARGENX,NL0010832176,BNHKYX4,ARGX.BR,EUR,20,201030,ARGX BB Equity,276998,0.3190533,230,BE,N,N,Not in top 100
SXLV1E,36561,FI3022,Valmet,FI4000074984,BH6XZT5,VALMT.HE,EUR,50,502040,VALMT FH Equity,270344,0.319970165,231,FI,N,N,Not in top 100
SXLV1E,20601,437915,LEONARDO,IT0003856405,B0DJNG0,LDOF.MI,EUR,50,502010,LDO IM Equity,47791,0.320861803,232,IT,N,N,Not in top 100
SXLV1E,19898,011517,RYANAIR,IE00BYTBXV33,BYTBXV3,RYA.I,EUR,40,405010,RYA ID Equity,45745,0.32348707,233,IE,N,N,Not in top 100
SXLV1E,27080,471310,RUBIS,FR0013269123,BDT88L2,RUBF.PA,EUR,40,404010,RUI FP Equity,46940,0.324608825,234,FR,N,N,Not in top 100
SXLV1E,46145,BE11G7,AZELIS GROUP,BE0974400328,BMHT025,AZE.BR,EUR,50,502050,AZE BB Equity,344351,0.325379044,235,BE,N,N,Not in top 100
SXLV1E,44400,FR106D,Technip Energies,NL0014559478,BNC0116,TE.PA,EUR,60,601010,TE FP Equity,335568,0.325424804,236,FR,N,N,Not in top 100
SXLV1E,21370,422060,CONTINENTAL,DE0005439004,4598589,CONG.DE,EUR,40,401010,CON GY Equity,46889,0.325688309,237,DE,N,N,Not in top 100
SXLV1E,21279,411609,BPER Banca,IT0000066123,4116099,EMII.MI,EUR,30,301010,BPE IM Equity,23230,0.326275612,238,IT,N,N,Not in top 100
SXLV1E,19983,B1W4V6,PRYSMIAN,IT0004176001,B1W4V69,PRY.MI,EUR,50,502020,PRY IM Equity,74378,0.327096558,239,IT,N,N,Not in top 100
SXLV1E,54495,ES408I,PUIG BRANDS B,ES0105777017,BNTCFW4,PUIGb.MC,EUR,40,402040,PUIG SQ Equity,372468,0.331814164,240,ES,N,N,Not in top 100
SXLV1E,31968,FR1018,ALTEN,FR0000071946,5608915,LTEN.PA,EUR,10,101010,ATE FP Equity,39296,0.332468387,241,FR,N,N,Not in top 100
SXLV1E,40311,FR702F,SOPRA STERIA GROUP,FR0000050809,5633616,SOPR.PA,EUR,10,101010,SOP FP Equity,35498,0.333445237,242,FR,N,N,Not in top 100
SXLV1E,20845,B09M9L,CARGOTEC CORPORATION,FI4000571013,BT195Y7,CGCBV.HE,EUR,50,502040,CGCBV FH Equity,24316,0.334063812,243,FI,N,N,Not in top 100
SXLV1E,52251,BE30G8,SYENSQO,BE0974464977,BPSLYH4,SYENS.BR,EUR,55,551010,SYENS BB Equity,369406,0.336668878,244,BE,N,N,Not in top 100
SXLV1E,46193,DE14EA,DAIMLER TRUCK,DE000DTR0CK8,BP6VLQ4,DTGGe.DE,EUR,50,502060,DTG GY Equity,348942,0.338136211,245,DE,N,N,Not in top 100
SXLV1E,20956,408530,BAYER,DE000BAY0017,5069211,BAYGn.DE,EUR,20,201030,BAYN GY Equity,46181,0.339520722,246,DE,N,N,Not in top 100
SXLV1E,19965,B0704T,RAIFFEISEN BANK INTERNATIONAL,AT0000606306,B0704T9,RBIV.VI,EUR,30,301010,RBI AV Equity,23671,0.341026593,247,AT,N,N,Not in top 100
SXLV1E,20753,424749,D'IETEREN GROUP,BE0974259880,4247494,IETB.BR,EUR,40,401010,DIE BB Equity,47682,0.341999348,248,BE,N,N,Not in top 100
SXLV1E,20140,713083,NEXANS,FR0000044448,7130836,NEXS.PA,EUR,50,502020,NEX FP Equity,9397,0.347119822,249,FR,N,N,Not in top 100
SXLV1E,32000,FR103A,EUROFINS SCIENTIFIC,FR0014000MR3,BNDPYV1,EUFI.PA,EUR,20,201020,ERF FP Equity,45448,0.34855461,250,FR,N,N,Not in top 100
SXLV1E,45787,NL120B,FUGRO,NL00150003E1,BN0TYP0,FUGR.AS,EUR,50,501010,FUR NA Equity,23470,0.348998052,251,NL,N,N,Not in top 100
SXLV1E,45902,NL123E,UMG,NL0015000IY2,BNZGVV1,UMG.AS,EUR,40,403010,UMG NA Equity,344436,0.350759253,252,NL,N,N,Not in top 100
SXLV1E,20610,433560,STELLANTIS,NL00150001Q9,BMD8KX7,STLAM.MI,EUR,40,401010,STLAM IM Equity,46269,0.353871859,253,IT,N,N,Not in top 100
SXLV1E,31617,IE102Z,GLANBIA,IE0000669501,4058629,GL9.I,EUR,45,451020,GLB ID Equity,48027,0.35677817,254,IE,N,N,Not in top 100
SXLV1E,20741,715672,DAVIDE CAMPARI,NL0015435975,BMQ5W17,CPRI.MI,EUR,45,451010,CPR IM Equity,9421,0.359424216,255,IT,N,N,Not in top 100
SXLV1E,20681,EL004,EDP RENOVAVEIS,ES0127797019,B39GNW2,EDPR.LS,EUR,65,651010,EDPR PL Equity,152197,0.363759249,256,PT,N,N,Not in top 100
SXLV1E,21070,547497,ALSTOM,FR0010220475,B0DJ8Q5,ALSO.PA,EUR,50,502020,ALO FP Equity,37957,0.364537598,257,FR,N,N,Not in top 100
SXLV1E,24864,EF031,EDENRED,FR0010908533,B62G1B5,EDEN.PA,EUR,50,502050,EDEN FP Equity,234835,0.368810442,258,FR,N,N,Not in top 100
SXLV1E,20948,569954,BANCA MONTE DEI PASCHI,IT0005508921,BK93RS6,BMPS.MI,EUR,30,301010,BMPS IM Equity,36386,0.370473683,259,IT,N,N,Not in top 100
SXLV1E,19884,476876,SAIPEM,IT0005495657,BMY36H7,SPMI.MI,EUR,60,601010,SPM IM Equity,46234,0.370577749,260,IT,N,N,Not in top 100
SXLV1E,35840,DE3060,KION GROUP,DE000KGX8881,BB22L96,KGX.DE,EUR,50,502040,KGX GY Equity,267529,0.374305684,261,DE,N,N,Not in top 100
SXLV1E,20403,588950,INFINEON TECHNOLOGIES,DE0006231004,5889505,IFXGn.DE,EUR,10,101020,IFX GY Equity,17654,0.374970727,262,DE,N,N,Not in top 100
SXLV1E,19929,533458,RHEINMETALL,DE0007030009,5334588,RHMG.DE,EUR,50,502010,RHM GY Equity,46925,0.375674568,263,DE,N,N,Not in top 100
SXLV1E,53941,DE40C7,TUI,DE000TUAG505,BNC3GJ8,TUI1n.DE,EUR,40,405010,TUI1 GY Equity,46904,0.378154436,264,DE,N,N,Not in top 100
SXLV1E,20001,470384,Kering,FR0000121485,5505072,PRTP.PA,EUR,40,402040,KER FP Equity,46791,0.380445551,265,FR,N,N,Not in top 100
SXLV1E,20125,548552,AURUBIS,DE0006766504,5485527,NAFG.DE,EUR,55,551020,NDA GY Equity,37710,0.385725233,266,DE,N,N,Not in top 100
SXLV1E,43416,FR90FU,VERALLIA,FR0013447729,BKT7807,VRLA.PA,EUR,50,502030,VRLA FP Equity,319775,0.385943558,267,FR,N,N,Not in top 100
SXLV1E,19748,477670,STMICROELECTRONICS,NL0000226223,5962343,STMMI.MI,EUR,10,101020,STMMI IM Equity,37961,0.386905906,268,IT,N,N,Not in top 100
SXLV1E,41501,NL802I,ADYEN,NL0012969182,BZ1HM42,ADYEN.AS,EUR,50,502050,ADYEN NA Equity,306851,0.3910566,269,NL,N,N,Not in top 100
SXLV1E,20541,B1Y47Y,GERRESHEIMER,DE000A0LD6E6,B1Y47Y7,GXIG.DE,EUR,20,201020,GXI GY Equity,136529,0.392956176,270,DE,N,N,Not in top 100
SXLV1E,20271,B05M8B,LANXESS,DE0005470405,B05M8B7,LXSG.DE,EUR,55,552010,LXS GY Equity,22615,0.39786556,271,DE,N,N,Not in top 100
SXLV1E,37499,DE4061,ZALANDO,DE000ZAL1111,BQV0SV7,ZALG.DE,EUR,40,404010,ZAL GY Equity,278414,0.408226128,272,DE,N,N,Not in top 100
SXLV1E,20032,468520,PHILIPS,NL0000009538,5986622,PHG.AS,EUR,20,201020,PHIA NA Equity,47708,0.411774292,273,NL,N,N,Not in top 100
SXLV1E,19976,506472,PUMA,DE0006969603,5064722,PUMG.DE,EUR,40,402040,PUM GY Equity,40052,0.420393079,274,DE,N,N,Not in top 100
SXLV1E,21029,546078,ASML HLDG,NL0010273215,B929F46,ASML.AS,EUR,10,101020,ASML NA Equity,6365,0.423698558,275,NL,N,N,Not in top 100
SXLV1E,19576,492624,VALEO,FR0013176526,BDC5ST8,VLOF.PA,EUR,40,401010,FR FP Equity,46678,0.425699745,276,FR,N,N,Not in top 100
SXLV1E,19854,479736,SCOR,FR0010411983,B1LB9P6,SCOR.PA,EUR,30,303020,SCR FP Equity,41264,0.426242033,277,FR,N,N,Not in top 100
SXLV1E,44138,DE006X,HENSOLDT,DE000HAG0005,BN0SDX8,HAGG.DE,EUR,50,502010,HAG GY Equity,330059,0.428876404,278,DE,N,N,Not in top 100
SXLV1E,19686,465940,TELECOM ITALIA,IT0003497168,7634394,TLIT.MI,EUR,15,151020,TIT IM Equity,46776,0.43269432,279,IT,N,N,Not in top 100
SXLV1E,21030,888051,ASM INTERNATIONAL,NL0000334118,5165294,ASMI.AS,EUR,10,101020,ASM NA Equity,44541,0.44265583,280,NL,N,N,Not in top 100
SXLV1E,20146,XXXXX3,NESTE,FI0009013296,B06YV46,NESTE.HE,EUR,60,601010,NESTE FH Equity,23481,0.447178703,281,FI,N,N,Not in top 100
SXLV1E,19655,489108,THYSSENKRUPP,DE0007500001,5636927,TKAG.DE,EUR,50,502030,TKA GY Equity,46916,0.449047032,282,DE,N,N,Not in top 100
SXLV1E,46198,IT14M2,IVECO GROUP,NL0015000LU4,BKPGF52,IVG.MI,EUR,50,502060,IVG IM Equity,349956,0.462137921,283,IT,N,N,Not in top 100
SXLV1E,39805,DE602Z,REDCARE PHARMACY,NL0012044747,BYYH7G9,RDC.DE,EUR,45,452010,RDC GY Equity,292876,0.476528174,284,DE,N,N,Not in top 100
SXLV1E,40309,DE7020,CARL ZEISS MEDITEC,DE0005313704,5922961,AFXG.DE,EUR,20,201020,AFX GY Equity,17795,0.477743775,285,DE,N,N,Not in top 100
SXLV1E,19675,599933,TELEPERFORMANCE,FR0000051807,5999330,TEPRF.PA,EUR,50,502050,TEP FP Equity,47848,0.483185271,286,FR,N,N,Not in top 100
SXLV1E,40506,FR705I,SARTORIUS STEDIM BIOTECH,FR0013154002,BYZ2QP5,STDM.PA,EUR,20,201020,DIM FP Equity,3448,0.483348568,287,FR,N,N,Not in top 100
SXLV1E,40627,NL704J,BE SEMICONDUCTOR,NL0012866412,BG0SCK9,BESI.AS,EUR,10,101020,BESI NA Equity,42110,0.486374268,288,NL,N,N,Not in top 100
SXLV1E,38648,DE5084,SARTORIUS PREF.,DE0007165631,5843329,SATG_p.DE,EUR,20,201020,SRT3 GY Equity,41237,0.494017138,289,DE,N,N,Not in top 100
SXLV1E,44135,DE004V,SIEMENS ENERGY,DE000ENER6Y0,BMTVQK9,ENR1n.DE,EUR,60,601020,ENR GY Equity,330119,0.525580972,290,DE,N,N,Not in top 100
SXLV1E,44756,DE10IA,AUTO1 GROUP,DE000A2LQ884,BL5C4C7,AG1G.DE,EUR,40,404010,AG1 GY Equity,335109,0.595168655,291,DE,N,N,Not in top 100
SXLV1E,39804,NL606K,JUST EAT TAKEAWAY.COM NV,NL0012015705,BYQ7HZ6,TKWY.AS,EUR,10,101010,TKWY NA Equity,292854,0.611019845,292,NL,N,N,Not in top 100
SXLV1E,40360,DE7042,DELIVERY HERO,DE000A2E4K43,BZCNB42,DHER.DE,EUR,40,402010,DHER GY Equity,298374,0.62493312,293,DE,N,N,Not in top 100
SXLV1E,20516,B01SPF,GRIFOLS,ES0171996087,BYY3DX6,GRLS.MC,EUR,20,201030,GRF SQ Equity,19458,0.696646321,294,ES,N,N,Not in top 100
